season,name,wins,losses,pts_diff,efg_vs_avg,opp_efg_vs_avg,tov_vs_avg,opp_tov_vs_avg,orb_vs_avg,opp_orb_vs_avg,ftfga_vs_avg,opp_ftfga_vs_avg,ortg_vs_avg,opp_ortg_vs_avg,pace_vs_avg,attendance,playoff_wins
2000,atlanta hawks,25,57,-5.2073,-0.0176,0.0003,1.2994,-0.225,0.8858,0.8907,-0.0262,0.0186,-4.3897,1.2725,0.6731,13666,0
2000,chicago bulls,15,67,-9.0975,-0.0224,0.0278,0.6506,0.397,-1.6484,1.309,-0.0107,0.0229,-5.7763,4.4323,-1.9537,21674,0
2000,dallas mavericks,53,29,4.2805,0.0257,-0.0044,-0.8981,0.1262,-4.4715,1.3565,-0.0001,0.0111,4.1079,-0.5311,2.0695,16591,4
2000,golden state warriors,17,65,-9.0488,-0.043,0.0321,-0.0567,1.0909,4.9016,2.0894,-0.032,-0.0047,-5.4921,4.1908,3.0049,14438,0
2000,houston rockets,45,37,2.2927,0.0205,0.0025,-0.1994,-1.236,-0.8459,-0.2362,0.0123,-0.0256,3.7042,1.1237,-0.7537,12647,0
2000,new jersey nets,26,56,-5.0487,-0.0223,0.0149,-0.3884,0.9372,-2.3057,1.448,0.0165,0.027,-3.1202,2.5164,0.6231,13574,0
2000,new york knicks,48,34,2.6341,0.0035,-0.0196,0.4543,0.4958,-3.9654,-2.4593,-0.011,0.0095,-1.7897,-4.8946,-4.5903,19763,2
2000,orlando magic,43,39,0.9878,0.0015,-0.0091,-0.0055,1.2494,0.7931,1.7736,-0.0183,0.058,0.153,-0.9055,2.0231,14756,1
2000,portland trail blazers,50,32,4.1951,0.0242,-0.0025,0.7909,0.2738,1.6602,-0.9276,-0.0054,-0.0093,3.1798,-1.3592,-1.9354,20277,0
2000,san antonio spurs,58,24,7.7561,0.0237,-0.0278,-0.442,-1.1225,-1.235,-2.1191,0.0381,-0.0519,3.4615,-5.2531,-1.5232,22272,7
2000,toronto raptors,47,35,2.2561,-0.0045,0.0031,-1.7884,-0.875,2.6492,-1.4886,-0.0189,-0.0205,2.7408,0.3371,-0.1378,19347,6
2000,utah jazz,53,29,4.6951,0.0247,0.0015,1.108,1.6348,1.9321,-1.7093,0.041,0.0731,4.4652,-0.7299,-1.3086,19321,2
2000,vancouver grizzlies,23,59,-5.7317,-0.0085,0.0186,0.8531,0.0714,-2.2789,1.9346,-0.0086,-0.0385,-3.8543,2.4871,0.6792,13737,0
2000,boston celtics,36,46,-2.1341,0.0004,0.021,0.7043,1.6958,-2.7496,-0.963,0.0178,0.0236,-1.4885,0.903,1.2658,15346,0
2000,charlotte hornets,46,36,2.0975,-0.0148,-0.017,-0.3823,-0.0042,1.5492,-2.7106,0.0147,-0.009,-1.3275,-3.5665,-1.7525,15010,6
2000,cleveland cavaliers,30,52,-4.2439,-0.0136,0.004,1.3653,-0.0164,1.6272,0.8394,0.0062,0.0167,-2.797,1.8128,0.0256,15872,0
2000,los angeles lakers,56,26,3.3781,0.0246,-0.004,-0.6396,-1.8945,3.0943,-0.852,0.0085,0.004,5.2603,1.6579,0.5731,18935,15
2000,miami heat,50,32,2.2926,-0.0048,-0.0122,-0.3189,1.0897,-3.9642,-1.0374,-0.0015,-0.019,-2.0153,-4.5116,-4.111,16541,0
2000,philadelphia 76ers,56,26,4.2805,-0.0055,-0.012,0.6299,0.5421,3.0602,-0.7813,0.0292,-0.0461,0.4615,-4.169,-0.5951,19651,12
2000,seattle supersonics,44,38,0.0244,0.0185,0.0153,0.236,-0.1067,0.6626,2.0041,-0.0129,-0.0326,2.6323,2.4847,0.3683,15630,0
2000,denver nuggets,40,42,-2.4634,-0.0033,0.0033,-1.142,-1.7884,0.048,-0.2435,-0.0206,-0.0096,0.3664,3.1384,1.6549,15104,0
2000,los angeles clippers,31,51,-2.8903,0.0036,-0.0061,0.5775,-1.9994,-0.0106,0.4382,-0.0093,-0.0152,-1.6446,1.5237,-1.6561,14672,0
2000,phoenix suns,51,31,2.2073,-0.0117,-0.0122,0.1604,2.2958,-0.9923,-1.8484,-0.0098,0.0214,-2.7738,-5.2214,2.0817,17989,1
2000,detroit pistons,32,50,-1.6951,-0.0192,-0.0063,0.3519,0.0055,0.9943,-0.3825,0.0026,0.0011,-3.2824,-1.4946,3.6634,14812,0
2000,washington wizards,19,63,-6.6707,-0.0113,0.0298,1.5994,0.0506,1.1333,-0.2203,0.0333,0.0045,-2.4653,4.7506,1.4975,15576,0
2000,indiana pacers,41,41,-0.1951,-0.002,-0.0214,0.2958,-1.136,-1.2959,0.365,0.0082,0.0031,-0.9885,-0.8031,-1.7878,17848,1
2000,milwaukee bucks,52,30,3.878,0.026,0.0005,-1.0774,0.3506,-0.1337,0.6041,-0.0163,0.0225,5.6164,1.4445,1.0439,16661,10
2000,minnesota timberwolves,47,35,1.3537,0.0083,0.0058,-0.9018,0.0287,0.2443,0.1248,-0.0326,0.0069,2.1103,0.4993,0.7524,17496,1
2000,sacramento kings,55,27,5.8171,0.0121,-0.0132,-0.5055,0.3994,-1.1691,0.9711,-0.0025,-0.0505,2.4152,-3.6653,3.3256,17317,3
2001,cleveland cavaliers,29,53,-3.3293,-0.0008,0.0166,0.0829,-1.2159,0.3294,-1.5938,0.0098,0.0032,0.1419,3.9029,-0.4312,14539,0
2001,dallas mavericks,57,25,4.2561,0.0297,0.0065,-2.1549,-0.5415,-2.6938,0.627,0.0088,0.016,7.5394,2.9516,2.3931,19580,4
2001,houston rockets,28,54,-4.8902,-0.0106,0.0146,-0.4318,-1.9171,0.2635,1.2526,-0.0115,-0.046,-1.3362,4.2809,-2.5215,11737,0
2001,los angeles lakers,58,24,7.122,0.0205,-0.023,-1.7769,-0.594,0.1355,-0.7365,-0.0041,0.0115,5.0321,-2.741,1.4529,18994,15
2001,minnesota timberwolves,50,32,3.3781,0.0135,0.0047,-0.8574,-0.944,2.4391,-2.3194,-0.0194,-0.0061,4.5163,0.7138,-0.0934,17845,0
2001,new jersey nets,52,30,4.1585,-0.0013,-0.0158,0.1146,1.1817,0.3733,-0.5791,-0.0173,-0.0093,-0.4862,-4.9801,1.1651,13760,11
2001,new york knicks,30,52,-3.9879,-0.0088,0.0016,0.5792,-0.6159,-3.2596,-0.7926,-0.0064,0.0135,-3.2362,1.1199,-0.8288,19763,0
2001,orlando magic,44,38,1.5732,0.0174,0.0086,-0.7696,0.7621,-2.5913,2.2599,-0.0135,-0.0078,2.4468,0.7797,2.6005,15149,1
2001,phoenix suns,36,46,-0.683,-0.0037,-0.0006,0.1926,0.6134,1.383,1.0843,-0.0439,0.0032,-1.1935,-0.5557,0.7212,16315,0
2001,sacramento kings,61,21,7.6098,0.0193,-0.0108,-0.972,0.1573,-0.8304,-0.5279,0.0083,-0.0404,4.4407,-3.641,5.0224,17317,10
2001,san antonio spurs,58,24,6.2073,0.0163,-0.0239,0.2853,-0.0196,-1.6718,-0.773,0.0402,-0.0345,2.0809,-4.8764,-0.663,22107,4
2001,utah jazz,44,38,0.8902,-0.0034,0.0073,1.7097,2.4573,4.494,-0.5267,0.0715,0.0671,1.3053,0.0663,-0.4349,18685,1
2001,boston celtics,49,33,2.2074,-0.0005,-0.0114,-0.5927,1.5743,-4.5791,-1.6657,-0.0009,0.0238,-1.1642,-3.563,1.9066,16091,9
2001,charlotte hornets,44,38,0.9634,-0.0103,-0.011,-0.2025,-0.461,1.8879,-1.1304,0.0162,0.0023,-0.141,-1.2057,-1.0373,11286,4
2001,chicago bulls,21,61,-8.5366,-0.0215,0.019,0.6487,0.078,-2.2645,-0.1706,-0.0047,0.0162,-6.2118,3.2931,-0.3459,18934,0
2001,miami heat,36,46,-1.5366,-0.0136,-0.0216,0.8414,-0.1147,-1.9609,-2.8194,-0.029,0.0296,-5.9801,-4.1106,-3.3361,15989,0
2001,portland trail blazers,49,33,2.9878,0.008,0.0124,-0.1098,0.5451,3.0782,-2.1377,-0.0056,-0.0217,2.9358,-0.4215,-1.3873,19459,0
2001,atlanta hawks,33,49,-4.2317,-0.0061,0.0177,0.8317,0.4256,-1.2706,0.4635,0.0025,-0.0045,-2.5459,2.137,0.9931,12344,0
2001,denver nuggets,27,55,-5.8171,-0.0212,0.0152,-0.2074,-0.0708,1.7574,1.2635,-0.0328,0.0226,-2.924,3.415,-0.4166,15459,0
2001,golden state warriors,21,61,-5.4025,-0.0245,0.0109,1.1256,-0.5561,6.5891,1.9379,0.0196,0.0084,-1.702,4.009,3.9078,14467,0
2001,memphis grizzlies,23,59,-7.4391,-0.0147,0.0095,1.8536,0.1987,-0.8877,3.1123,-0.0177,-0.0267,-6.3557,1.8285,0.481,14415,0
2001,philadelphia 76ers,43,39,1.5976,-0.0249,-0.0156,0.6939,0.4951,3.0477,-0.8255,0.0317,-0.0135,-2.1423,-3.8459,-2.0251,20560,2
2001,seattle supersonics,45,37,3.0244,0.0287,0.0074,-0.3098,0.9414,0.7074,3.2757,-0.0336,-0.0161,4.5065,1.0407,-1.569,15451,2
2001,detroit pistons,50,32,2.1342,0.0197,-0.0034,0.6146,1.017,-4.3999,0.8526,0.0121,-0.0179,0.4943,-1.8313,-0.7995,18556,4
2001,indiana pacers,42,40,0.2683,0.0012,-0.0078,0.6024,-0.3696,-1.8523,0.277,0.0298,0.0039,-0.1667,-0.6728,1.1968,16744,2
2001,toronto raptors,42,40,-0.4391,-0.0143,-0.0049,-0.1659,1.0,2.5648,0.983,-0.034,0.0131,-1.8935,-1.2228,-2.0203,19760,2
2001,los angeles clippers,39,43,-0.4634,0.0001,0.0011,0.1195,-1.3757,2.6233,1.3282,0.001,-0.0286,1.2272,1.6016,-0.669,18053,0
2001,milwaukee bucks,41,41,-0.2195,0.0299,-0.0008,0.0475,-1.6818,-3.1182,0.5611,-0.023,-0.006,2.515,2.7333,-0.5056,18178,0
2001,washington wizards,37,45,-1.4024,-0.0136,0.0081,-1.2976,-0.4744,2.1367,-0.2499,-0.0083,-0.0095,0.4053,1.9029,-2.3349,20674,0
2002,los angeles lakers,50,32,2.3293,0.0139,0.0035,-0.6158,-0.5719,1.8777,-1.204,-0.0038,0.0103,3.4814,1.0717,1.616,18972,6
2002,orlando magic,42,40,0.1342,0.0043,0.0125,-0.5462,1.0989,-1.5211,0.3338,0.0061,0.0179,1.357,1.2448,2.2001,14778,3
2002,sacramento kings,59,23,6.5,0.0251,-0.0277,-0.4182,-0.4267,-3.0272,0.8691,-0.036,-0.0293,1.9631,-4.9832,4.5367,17317,7
2002,boston celtics,44,38,-0.3903,-0.0048,-0.0037,-0.4487,1.0708,-4.7443,-0.8699,-0.0026,0.0102,-2.5783,-2.1552,-0.0109,17293,4
2002,detroit pistons,50,32,3.683,-0.0013,-0.0143,-0.7292,-0.0584,-2.593,-2.2248,0.0167,-0.0068,0.3607,-3.7771,-4.2109,20470,8
2002,golden state warriors,38,44,-1.1342,-0.0015,0.0075,0.0452,-1.6511,6.4252,3.5496,0.0363,-0.0114,4.5229,5.6217,3.3977,15486,0
2002,indiana pacers,48,34,3.4878,-0.0049,-0.0163,-0.306,0.2977,0.4728,-0.665,0.0323,-0.0039,0.8021,-2.932,0.6099,16352,2
2002,los angeles clippers,27,55,-4.1219,-0.0069,0.0073,0.8964,-0.8462,0.4752,1.4252,0.0207,-0.0097,-1.4869,3.0241,0.4135,17231,0
2002,memphis grizzlies,28,54,-3.2317,0.0124,0.0173,0.3294,-0.445,-1.5821,2.9326,-0.0196,-0.0345,-0.0198,3.6009,1.8501,14910,0
2002,miami heat,25,57,-5.0488,-0.0344,-0.0043,-0.3084,0.0647,-1.7833,-2.0711,-0.034,0.0277,-6.9564,-1.1698,-3.2243,15322,0
2002,minnesota timberwolves,51,31,2.0732,0.0129,-0.0025,-0.9621,-1.2999,-0.3272,-1.1967,-0.0253,-0.0299,2.3265,0.0131,1.0745,15699,2
2002,new jersey nets,49,33,5.2196,-0.0062,-0.015,0.0794,1.5538,0.2911,-1.554,0.0212,-0.0051,-0.0576,-5.6857,0.7257,15184,14
2002,new orleans hornets,47,35,2.1097,-0.009,-0.0098,-0.2304,0.1086,3.4265,-1.4248,-0.0125,-0.0054,0.1253,-2.2052,-1.5365,15650,2
2002,philadelphia 76ers,48,34,2.3049,-0.007,0.0137,-0.256,2.2501,1.9716,-1.4162,0.0312,0.0113,1.296,-1.2149,0.4916,19685,6
2002,portland trail blazers,50,32,2.6097,0.0157,0.0098,0.4586,0.7074,1.696,-0.7052,-0.0093,-0.038,1.9192,-0.9003,-1.7023,19420,3
2002,seattle supersonics,40,42,-0.122,-0.002,0.0088,-1.2401,0.3245,-0.3052,-0.0211,-0.0317,-0.0212,0.0034,0.1436,-2.9011,15541,0
2002,toronto raptors,24,58,-5.8659,-0.0166,0.0155,-0.5853,-0.8511,-0.1162,0.8289,-0.0304,-0.0059,-3.1137,3.5095,-1.1816,18963,0
2002,atlanta hawks,35,47,-3.5609,0.0013,-0.0047,1.6599,-1.9231,-0.3491,1.1728,0.0171,-0.0101,-1.3857,2.4753,-0.0194,12894,0
2002,washington wizards,37,45,-1.0122,-0.0135,0.0021,-1.0523,-0.2719,-1.037,0.2009,0.0226,-0.02,-0.6613,0.5814,-2.8292,20173,0
2002,chicago bulls,30,52,-5.1342,-0.0024,-0.0034,1.4086,-0.5499,-0.6626,2.1618,-0.0148,0.0325,-3.4454,1.8192,2.6611,19617,0
2002,denver nuggets,17,65,-8.2805,-0.0454,0.003,2.7916,2.3769,2.9033,-1.4955,-0.0337,0.0604,-11.2735,-2.2174,-0.2133,14824,0
2002,phoenix suns,44,38,1.1342,-0.0003,-0.004,-0.1487,0.6794,0.9557,1.4021,-0.0205,-0.0108,0.0021,-1.2759,0.566,16257,2
2002,san antonio spurs,60,22,5.4147,0.0225,-0.02,1.3452,0.1672,0.3887,0.0862,0.0211,-0.0333,1.768,-4.1966,-0.8158,17950,16
2002,dallas mavericks,60,22,7.7805,0.0239,-0.0024,-2.9975,0.7952,-3.1113,0.6911,-0.0198,-0.0101,6.9436,-1.582,1.6233,19912,10
2002,houston rockets,43,39,1.4756,0.0001,-0.0126,0.5428,-1.2597,1.4057,-0.8809,0.0119,-0.0222,0.4839,-0.9832,-2.2048,13784,0
2002,milwaukee bucks,42,40,0.2317,0.0264,0.0207,-1.6926,-0.5914,-2.8955,1.6752,-0.0102,0.0056,5.146,4.8778,-0.6328,16243,2
2002,new york knicks,37,45,-1.3536,0.0126,0.012,-0.4145,-0.2182,-4.1662,-0.4394,-0.0329,0.03,0.8595,2.3265,-0.0719,19011,0
2002,utah jazz,47,35,2.3902,0.0121,-0.0061,1.866,1.2111,4.1935,1.207,0.0532,0.0246,1.979,-0.8966,-1.7597,19171,1
2002,cleveland cavaliers,17,65,-9.622,-0.0303,0.0098,2.3269,-0.9438,2.6496,-1.4565,-0.01,0.0204,-7.232,2.9948,2.9111,11496,0
2003,los angeles lakers,56,26,3.9024,0.0104,0.0014,-1.1882,0.063,-0.4885,-1.6995,0.0161,-0.0085,2.745,-1.4232,2.4432,18969,13
2003,philadelphia 76ers,33,49,-2.4878,-0.0139,-0.0024,0.8435,0.4899,-0.3568,0.7957,0.0145,0.0025,-3.1976,-0.444,-2.2117,19222,0
2003,san antonio spurs,57,25,7.2195,0.003,-0.0356,-0.054,0.6411,0.9822,-3.1909,-0.0088,-0.0151,-0.4745,-8.6903,-0.7214,18041,6
2003,boston celtics,36,46,-1.4512,0.0161,0.0091,1.3252,1.3325,-3.3202,2.0932,0.0159,0.0115,-0.7232,0.9048,3.2115,16201,0
2003,chicago bulls,23,59,-6.3537,-0.0231,-0.0001,0.5972,-0.0455,-0.308,0.1725,-0.0313,0.0235,-5.9915,0.8975,2.0786,19736,0
2003,denver nuggets,43,39,1.0732,-0.0021,0.0111,-0.1516,1.4679,1.7664,2.0822,0.016,-0.0068,1.1255,0.2377,3.2603,17596,1
2003,detroit pistons,54,28,5.8415,-0.0086,-0.0292,0.4289,0.8423,1.6786,-0.3604,0.0182,-0.0275,-0.305,-7.0074,-2.38,21290,16
2003,golden state warriors,37,45,-0.7317,0.0042,0.0061,-0.1431,-0.7528,-0.2287,-0.7056,-0.0028,-0.0188,0.228,1.0572,-0.0531,16235,0
2003,minnesota timberwolves,58,24,5.4878,0.0161,-0.0262,-1.6089,-1.2248,-1.7885,-1.0129,-0.0201,-0.0145,3.0499,-3.1818,-0.8519,17635,10
2003,new orleans hornets,41,41,-0.0975,-0.0091,0.0066,-0.1845,0.5838,2.0091,0.1152,-0.0068,-0.0103,-0.1208,-0.0074,-1.0775,14332,3
2003,new york knicks,39,43,-1.4756,0.0035,-0.0096,1.0752,-1.0077,-0.5312,-1.2702,-0.018,0.0313,-1.0903,0.528,-0.2787,19164,0
2003,sacramento kings,55,27,5.0122,0.0382,0.0125,-0.9272,-0.3748,-2.5653,1.942,0.0142,-0.0375,7.3914,1.9365,3.0432,17317,7
2003,toronto raptors,33,49,-3.0122,-0.0174,-0.021,-0.2504,-0.0723,-4.647,1.4335,-0.0361,0.0125,-5.7391,-2.2074,-3.3104,18307,0
2003,utah jazz,42,40,-1.2195,-0.0134,-0.0028,1.3447,1.2484,5.5603,-1.0592,0.0368,0.0936,-0.3623,1.0438,-3.6202,19154,0
2003,houston rockets,45,37,1.7317,0.0129,-0.023,1.9813,-1.0967,-2.0043,-3.0629,-0.0075,0.0032,-1.6867,-3.6135,-2.2239,15629,1
2003,orlando magic,21,61,-7.0244,-0.0095,0.0321,-1.3833,-1.5211,-0.5897,2.814,-0.0104,-0.0157,0.039,7.8304,0.9054,14369,0
2003,phoenix suns,29,53,-3.7439,0.0048,0.0118,0.2228,0.2996,-1.6104,1.5249,-0.0191,0.011,-1.1537,2.8633,2.6432,16350,0
2003,seattle supersonics,37,45,-0.6341,0.0291,0.016,-0.326,-0.2309,-1.1739,3.1432,-0.0212,0.009,4.6255,5.3109,-0.0202,15255,0
2003,indiana pacers,61,21,5.756,0.0003,-0.0115,-0.348,1.4923,0.092,-2.38,0.0164,-0.0104,1.2938,-5.3232,-2.5812,16544,10
2003,los angeles clippers,28,54,-4.5854,-0.0174,0.0237,0.835,-1.2931,4.192,1.3359,0.0466,0.0031,0.8109,5.9207,1.0115,16229,0
2003,memphis grizzlies,50,32,2.439,0.0089,-0.0051,-0.1492,1.385,0.7444,2.8115,0.0044,0.0221,2.0853,-0.5196,1.3676,15188,0
2003,miami heat,42,40,0.5244,-0.0066,-0.0061,-0.7065,0.4069,-1.0848,-2.0909,-0.0016,0.0311,-0.5659,-0.9952,-1.969,15239,6
2003,new jersey nets,47,35,2.5,0.0002,-0.0099,0.1569,1.224,-2.519,-2.3251,-0.0082,-0.0081,-1.7269,-4.4354,-0.6495,14952,7
2003,atlanta hawks,28,54,-4.6463,-0.0054,0.0059,1.1423,-1.2114,0.2615,0.9579,0.0056,0.0055,-1.5732,3.5329,0.7298,13798,0
2003,dallas mavericks,52,30,4.439,0.0251,0.0284,-2.9175,-0.354,2.9432,0.0908,-0.026,-0.0138,9.5243,4.6207,3.3835,20136,1
2003,milwaukee bucks,41,41,1.061,0.0079,0.0156,-1.3443,-0.8297,-0.9373,-0.3446,0.0277,-0.0182,3.7999,2.6036,1.7444,16833,1
2003,portland trail blazers,41,41,-1.2683,0.0072,0.0122,-0.0784,-0.8089,2.6908,1.1176,-0.0343,-0.0434,1.0975,2.5572,-3.8397,16683,0
2003,washington wizards,25,57,-5.6341,-0.0173,0.0161,1.7716,0.7813,2.1444,1.9761,0.0111,-0.0153,-4.0184,2.1365,2.2481,15740,0
2003,cleveland cavaliers,35,47,-2.622,-0.0183,0.0001,-0.3931,-1.8638,2.5115,-1.4812,-0.0039,-0.0087,-1.383,1.5707,0.97,18287,0
2004,dallas mavericks,58,24,5.7439,0.0092,-0.0125,-1.0833,0.5691,0.0834,1.131,0.0266,-0.0081,4.3445,-2.097,1.7919,20061,6
2004,detroit pistons,54,28,3.8659,-0.0107,-0.0213,-0.4053,-0.1821,2.3639,-1.6812,0.0001,-0.0402,-0.486,-4.9006,-3.7338,22076,15
2004,los angeles lakers,34,48,-2.9634,0.0024,0.01,-0.1455,-2.5138,0.6651,0.309,0.0055,-0.0289,1.8872,5.147,0.0955,18792,0
2004,boston celtics,45,37,0.8659,0.0196,-0.0017,1.2411,0.4447,-1.5336,1.1017,0.0262,0.0272,1.3372,0.4238,2.4553,16001,3
2004,cleveland cavaliers,42,40,0.7927,-0.0131,0.0018,-0.804,0.4508,3.7456,0.081,-0.0015,0.003,0.6067,-0.2896,-1.1947,19128,0
2004,golden state warriors,34,48,-2.1586,-0.0088,0.0083,-1.0601,0.2813,-0.9117,1.2749,-0.0463,-0.0197,-1.7299,0.7262,2.5358,16350,0
2004,los angeles clippers,37,45,-0.7683,-0.0048,-0.0022,1.0106,-0.8126,1.4798,0.1249,0.0333,-0.0135,-0.2128,0.5177,-1.9618,16980,0
2004,memphis grizzlies,45,37,2.2927,0.0072,-0.0167,0.6923,1.4984,-1.819,1.6212,-0.002,0.024,-0.4738,-3.0884,-2.4825,16862,0
2004,minnesota timberwolves,44,38,1.4512,0.0061,-0.0108,-0.837,-2.3919,-0.1129,-0.0836,-0.0279,-0.0387,2.0116,0.3677,-1.6618,17181,0
2004,new jersey nets,42,40,-1.5,-0.0202,-0.003,-0.0223,1.6655,-3.0897,-1.9349,-0.0029,0.0328,-4.6835,-2.9555,-1.7447,15089,0
2004,new orleans hornets,18,64,-7.0732,-0.0371,0.0095,0.3642,0.1923,0.4371,0.703,-0.0327,0.0149,-6.2628,1.9165,-3.4447,14221,0
2004,orlando magic,36,46,-2.2439,-0.0039,0.0011,1.135,-0.4236,1.2798,0.0212,0.0214,0.0067,-1.2689,1.0348,3.9736,14583,0
2004,phoenix suns,62,20,7.1219,0.0513,-0.0051,-0.9333,-1.4943,-1.0214,3.0298,-0.0259,-0.0726,8.0384,0.5506,5.3406,17708,9
2004,san antonio spurs,59,23,7.8049,0.0101,-0.0318,-0.4223,1.0362,0.5054,-2.0544,-0.0075,-0.0115,1.4689,-7.386,-1.9972,18316,16
2004,toronto raptors,33,49,-1.622,0.0094,0.0175,-1.0614,-0.1443,-4.9702,-0.0092,-0.0011,-0.0072,0.8067,2.4287,1.8906,17155,0
2004,utah jazz,26,56,-4.2683,-0.0141,0.0162,1.3106,0.7581,3.3712,-0.9068,0.0278,0.0941,-1.403,3.3116,-2.4886,18756,0
2004,charlotte bobcats,18,64,-5.9878,-0.0274,0.0138,-0.326,1.1581,0.8432,0.5164,-0.0281,0.021,-5.0628,1.4311,1.4894,14431,0
2004,denver nuggets,49,33,2.0244,-0.0003,-0.002,0.3435,1.4325,-0.3288,-0.1995,0.022,-0.0007,-0.3738,-2.2921,2.7394,17657,1
2004,miami heat,59,23,6.5244,0.0409,-0.0235,-0.2601,-1.376,-1.4934,-2.7788,0.0144,-0.0055,4.1006,-3.2348,-0.0496,19881,11
2004,chicago bulls,47,35,1.061,-0.0106,-0.0283,1.9228,0.7813,-0.447,-1.3605,-0.0113,0.0162,-4.8372,-5.9665,1.6711,20204,2
2004,philadelphia 76ers,43,39,-0.7439,-0.0088,0.0026,0.8118,1.8984,-3.1922,-1.5019,0.0115,0.0218,-2.975,-2.1116,4.3199,17870,1
2004,portland trail blazers,27,55,-4.0,0.001,-0.0044,1.4325,-1.1906,0.7359,3.6127,-0.028,-0.043,-2.7152,1.6591,-1.2191,16594,0
2004,seattle supersonics,52,30,2.2927,0.0126,0.0133,-0.837,-0.4882,3.9347,0.0042,0.0137,0.0013,6.1189,3.4396,-2.9825,16475,6
2004,houston rockets,51,31,4.0366,0.0026,-0.0242,-0.2199,-0.7894,-2.3629,-3.3056,-0.0046,-0.0029,0.0567,-4.4043,-2.174,16181,3
2004,indiana pacers,44,38,0.7561,-0.0063,-0.0117,0.2533,0.0825,-2.2178,-0.0727,0.0375,0.0143,-0.5262,-1.4189,-3.7179,16994,6
2004,milwaukee bucks,30,52,-2.9878,-0.0076,0.0164,-0.4553,-0.976,0.1981,-0.619,0.0149,-0.0118,0.0262,3.4457,0.2162,15536,0
2004,new york knicks,33,49,-2.439,0.0016,0.018,0.124,0.3642,-0.2739,-0.0568,-0.0076,0.0193,-0.0445,2.6165,-0.1447,19515,0
2004,washington wizards,45,37,-0.3293,-0.0089,0.0139,-0.5309,0.8386,2.3664,1.3981,0.0187,-0.0156,0.9665,1.3457,2.4736,17196,4
2004,atlanta hawks,13,69,-9.7073,-0.0198,0.0306,1.1594,0.5033,1.8664,-0.6824,-0.0355,0.0445,-5.7445,5.0116,0.6187,14302,0
2004,sacramento kings,50,32,2.1585,0.0129,0.011,-1.3919,-0.1675,-0.0166,2.403,-0.0213,-0.0319,4.0482,1.7896,2.4175,17317,1
2005,new orleans/oklahoma city hornets,38,44,-2.817,-0.0274,0.0115,-0.9923,0.7175,-0.2105,-0.5898,0.0058,-0.0053,-2.6305,0.6305,-1.5195,18168,0
2005,philadelphia 76ers,38,44,-1.9512,-0.0036,0.0096,-0.3215,0.4248,-1.6434,1.7139,0.0202,-0.0099,-0.2414,1.8561,2.1476,16518,0
2005,phoenix suns,54,28,5.5488,0.046,-0.0007,-1.3886,-0.4301,-4.9971,0.92,-0.0861,-0.0524,5.1342,-0.6792,5.5073,17809,10
2005,san antonio spurs,63,19,6.8171,0.0217,-0.0343,-0.0289,-0.1228,-1.2032,-1.3349,-0.0415,-0.0296,0.8854,-6.8244,-1.8878,18797,7
2005,boston celtics,33,49,-1.5366,0.0141,-0.0002,1.9346,-0.0264,-1.8276,0.1468,0.0136,0.0316,-1.0122,0.7208,1.5866,16899,0
2005,chicago bulls,41,41,0.6342,-0.0016,-0.0273,0.4748,0.1407,-0.9422,-1.8556,-0.0353,0.0468,-2.5073,-3.1451,2.628,21188,2
2005,cleveland cavaliers,50,32,2.2317,0.0021,-0.0003,-0.2825,-0.785,1.3322,-2.8361,0.0135,-0.0265,1.3525,-1.1183,-0.4915,19326,7
2005,denver nuggets,44,38,0.2317,-0.0034,0.0027,0.1041,0.9199,-0.5008,0.8017,0.0072,-0.0235,-0.978,-1.1341,3.5939,17135,1
2005,detroit pistons,64,18,6.6708,0.0068,-0.014,-2.5532,0.0577,1.7761,1.6931,-0.0342,-0.0608,4.4525,-3.2378,-3.6451,22076,10
2005,golden state warriors,34,48,-1.3537,-0.0119,0.0018,-0.5801,0.4846,-0.2032,1.0212,-0.0194,-0.0064,-1.7853,-0.3463,2.9232,18272,0
2005,houston rockets,34,48,-1.5853,-0.021,-0.0196,0.4614,-0.6581,-1.5776,-1.7447,-0.0104,-0.0022,-4.7378,-2.7195,-2.5866,15514,0
2005,memphis grizzlies,49,33,3.6951,0.0066,-0.0203,-0.1106,0.9016,-1.4203,0.7846,-0.0057,-0.0129,-0.0317,-4.4451,-4.372,15793,0
2005,minnesota timberwolves,33,49,-1.8781,-0.0104,-0.0166,0.3565,-0.5228,-1.8495,1.6883,-0.024,-0.015,-3.6146,-1.4841,-1.8476,16150,0
2005,new jersey nets,49,33,1.3659,-0.0136,-0.0127,-0.4069,0.3163,-3.2617,-3.541,0.0111,0.0151,-2.4792,-3.8939,-0.6598,16866,5
2005,orlando magic,36,46,-1.0732,0.0057,-0.0002,1.009,-0.6045,1.2249,-0.1251,0.0192,0.0155,-0.1402,1.1159,-2.0744,15561,0
2005,seattle supersonics,35,47,-3.0244,0.0124,0.0351,-0.1057,-0.2167,3.3236,3.8724,-0.0042,0.011,4.8573,8.3012,1.0622,16198,0
2005,toronto raptors,27,55,-2.9878,0.0093,0.0395,-1.1971,-0.0728,-2.0386,-0.6154,-0.0002,0.0144,3.0781,6.2049,0.6671,17056,0
2005,utah jazz,41,41,-2.6341,-0.0233,-0.0008,1.0687,0.4577,5.1675,-0.5544,0.0367,0.0544,-2.2036,0.7561,-2.6573,18332,0
2005,los angeles lakers,45,37,2.5,0.0038,-0.0043,-0.5374,-0.3471,1.598,-0.6617,-0.0053,-0.0069,2.1208,-0.5488,0.461,18882,3
2005,miami heat,52,30,3.8658,0.0263,-0.0136,0.2053,-1.4228,-0.3434,-3.519,0.0046,0.0008,2.3939,-1.7963,1.0768,19954,16
2005,los angeles clippers,47,35,1.5731,-0.0032,-0.0207,0.0772,-1.5654,-2.052,-3.241,0.0124,-0.01,-1.0524,-2.9,1.2768,17375,7
2005,new york knicks,23,59,-6.4025,-0.0097,0.0206,2.8553,-0.2423,3.8224,0.0773,0.0557,0.0451,-2.3951,4.7354,0.2939,18931,0
2005,charlotte bobcats,26,56,-4.0,-0.028,0.023,-0.6423,2.9455,-0.0715,2.0639,-0.0165,0.0117,-3.9914,0.3317,3.0732,16366,0
2005,dallas mavericks,60,22,6.0731,0.004,-0.0166,-0.6984,-0.0618,4.7992,0.3541,0.036,0.0067,5.7281,-1.4085,-2.7317,20114,14
2005,indiana pacers,41,41,1.8902,-0.0038,-0.0271,1.1236,-0.6008,-0.1008,-0.0203,0.004,-0.0169,-1.8463,-4.1366,-0.778,16179,2
2005,milwaukee bucks,40,42,-1.0366,0.001,0.0127,0.1468,0.3602,0.1419,-1.8154,-0.0133,0.011,-0.3353,0.8354,1.0,16617,1
2005,portland trail blazers,21,61,-9.4512,-0.0164,0.0152,0.4821,-0.9837,-0.5654,4.3407,-0.0363,-0.0164,-5.0866,5.7256,-2.911,15049,0
2005,washington wizards,42,40,1.8536,-0.006,0.0123,-0.7264,1.4077,2.1553,1.8529,0.0325,0.0052,2.861,0.7939,1.9037,17196,2
2005,atlanta hawks,26,56,-4.7561,-0.0045,0.0217,1.0468,0.337,4.2724,3.3114,0.0052,0.0247,0.0659,5.3232,-0.0073,15068,0
2005,sacramento kings,44,38,1.5366,0.0019,-0.0026,0.1504,0.1163,-1.9117,0.7053,0.0123,-0.0417,0.3122,-1.3402,1.539,17317,2
2006,los angeles lakers,42,40,-0.0731,0.015,0.0051,0.182,-0.5838,-0.8921,0.7042,0.0015,0.0152,2.0009,2.1863,1.9142,18985,1
2006,miami heat,44,38,-0.9146,0.0113,-0.0103,0.043,-0.6253,-2.3287,-0.2507,-0.0246,-0.0147,-1.8454,-0.7345,-2.0212,19720,0
2006,boston celtics,24,58,-3.4146,-0.0158,0.0061,1.0613,0.2235,0.0505,-0.8458,0.0111,0.0328,-3.0247,0.8643,0.1447,16843,0
2006,charlotte bobcats,33,49,-3.7439,-0.0153,0.0051,-0.3021,0.5503,-0.83,1.3066,-0.0129,0.0324,-2.8064,1.2448,0.2995,15549,0
2006,cleveland cavaliers,50,32,3.8293,-0.0121,-0.016,-0.7997,0.471,2.5871,-2.8739,-0.0243,-0.0046,-0.9467,-4.9979,-0.9651,20436,12
2006,detroit pistons,53,29,4.1585,-0.0066,-0.0189,-2.1302,-0.0155,1.1322,1.864,-0.0105,-0.0138,2.7155,-2.221,-4.5212,22076,10
2006,golden state warriors,42,40,-0.3414,0.0167,0.0084,0.1589,1.8954,-1.4117,3.342,-0.0324,0.0175,0.5253,0.7497,7.5227,18104,5
2006,memphis grizzlies,22,60,-5.1463,0.0057,0.0335,0.954,-0.0143,-1.0385,1.7115,0.0384,-0.0099,0.2777,5.8521,1.9203,14654,0
2006,minnesota timberwolves,32,50,-3.6707,-0.0057,0.0029,0.654,-0.8241,-1.9482,1.1042,-0.0175,-0.0218,-2.5137,1.5509,-0.7041,15998,0
2006,new jersey nets,41,41,-0.7683,0.0076,-0.0056,-0.107,-0.4911,-2.3934,-1.3348,-0.0017,0.0195,-0.6406,0.3375,-0.4566,16925,6
2006,orlando magic,40,42,0.7805,0.0048,-0.016,2.0064,0.1759,2.2579,-0.769,0.0299,0.038,-1.093,-2.0625,-2.0956,17094,0
2006,philadelphia 76ers,35,47,-3.0244,-0.0161,0.0066,0.4101,0.4662,-0.0056,2.064,0.0081,-0.0262,-2.6759,0.6765,-1.1114,14843,0
2006,phoenix suns,61,21,7.3049,0.0557,-0.0042,-0.657,-0.6033,-4.3873,1.1822,-0.0317,-0.0434,7.5838,-0.193,3.969,18422,6
2006,seattle supersonics,31,51,-2.8903,0.0033,0.0204,0.0271,-0.2094,0.7261,2.1432,-0.0198,-0.0043,1.1192,4.429,-0.2261,15955,0
2006,utah jazz,51,31,2.8658,0.0049,0.0001,0.332,0.3918,4.9908,-2.3604,0.0354,0.0679,3.5607,0.3094,0.019,19566,9
2006,dallas mavericks,67,15,7.2195,0.0133,-0.0194,-0.9436,-0.2229,1.4164,-2.1885,0.0089,0.0175,5.2216,-2.9808,-2.3566,20351,2
2006,los angeles clippers,40,42,-0.4635,-0.0147,-0.0088,0.2406,-0.9863,-0.0592,-1.6848,0.0338,0.0012,-1.1918,-0.5418,-1.0883,18421,0
2006,atlanta hawks,30,52,-4.7561,-0.0256,0.008,0.8052,0.2881,2.2579,1.8566,0.0165,0.0208,-3.265,2.1472,-1.8188,15594,0
2006,chicago bulls,49,33,5.0122,-0.0026,-0.0227,0.5881,1.9015,1.4969,-1.6129,-0.0179,0.0057,-1.3845,-6.7735,1.8008,22252,6
2006,denver nuggets,45,37,1.622,0.0045,0.0029,0.671,0.1601,1.7566,1.2347,0.0204,-0.0446,1.0314,-0.5881,5.7544,17230,1
2006,indiana pacers,35,47,-2.439,-0.0209,-0.0052,1.0881,0.432,1.1798,0.2018,-0.0024,0.026,-3.3954,-0.8808,0.6934,15359,0
2006,san antonio spurs,58,24,8.4268,0.0265,-0.0251,-0.5802,-0.1607,-2.8153,-2.5348,-0.0134,-0.0466,3.0094,-6.4491,-1.9834,18654,16
2006,toronto raptors,47,35,0.9878,0.0082,0.0068,-1.2094,0.1162,-4.8373,-1.5214,-0.0085,-0.0302,0.829,-0.5381,0.7947,18258,2
2006,houston rockets,52,30,4.8537,0.0027,-0.0308,-0.6241,-0.5643,-1.3446,-3.8507,-0.025,-0.019,-0.4515,-5.7881,-1.0456,16545,3
2006,milwaukee bucks,28,54,-4.3781,0.0072,0.0261,-0.046,0.2698,0.581,4.6066,-0.0372,-0.0137,0.535,5.2472,0.6093,16186,0
2006,new york knicks,33,49,-2.8537,-0.0012,0.0083,1.5198,-0.9375,3.914,-1.4068,0.0243,-0.0001,-0.7076,2.435,-0.9956,18795,0
2006,portland trail blazers,32,50,-4.2926,-0.0134,0.0116,0.1369,-0.657,1.2359,-0.0421,-0.0057,0.0194,-1.1515,3.7009,-3.4968,16360,0
2006,washington wizards,41,41,-0.5122,-0.0058,0.0204,-1.5814,0.2637,1.0359,1.8042,0.027,0.0029,3.4765,4.1887,2.291,18372,0
2006,new orleans/oklahoma city hornets,39,43,-1.5732,-0.0158,0.0032,-0.7485,-0.996,1.8774,-1.8092,-0.0322,-0.0358,-1.4125,0.4168,-1.5797,17833,0
2006,sacramento kings,33,49,-1.8049,-0.0048,0.0183,-0.5997,0.8357,-3.8934,0.2713,0.0427,-0.0074,-0.3028,1.4899,3.1361,17317,0
2007,golden state warriors,48,34,2.2073,0.0151,0.0127,-1.3523,1.3977,0.5258,2.9709,-0.0248,0.0249,4.2862,2.0679,6.826,19630,0
2007,los angeles lakers,57,25,7.2561,0.0295,-0.0115,-0.2267,-0.278,-0.5632,-0.0376,0.0251,-0.0192,5.524,-2.0943,3.6004,18997,14
2007,san antonio spurs,56,26,4.7927,0.0068,-0.0195,-0.7499,-0.4304,-3.2498,-3.7901,-0.0236,-0.0331,-0.265,-5.6321,-3.3971,18564,9
2007,cleveland cavaliers,45,37,-0.3537,-0.0166,-0.0021,-0.2828,-0.2487,3.7868,-2.5084,-0.0139,0.0079,-1.5126,-1.0272,-1.9874,20465,7
2007,denver nuggets,50,32,3.7073,0.0137,0.0035,-0.0219,0.8086,-1.4706,1.3599,0.0352,-0.0306,2.2825,-1.2272,7.7516,17364,0
2007,indiana pacers,36,46,-1.4024,0.0012,0.0035,0.5269,0.8208,-2.1279,-0.9754,-0.0098,0.0401,-1.487,0.0191,5.6029,12221,0
2007,memphis grizzlies,22,60,-6.2073,0.0039,0.0257,0.9367,-0.9267,-2.9132,-0.0815,-0.0055,-0.038,-2.7297,3.8825,3.3272,12770,0
2007,new jersey nets,34,48,-5.0609,-0.0149,0.0011,0.966,-0.5011,-0.1401,-0.434,0.0222,0.0383,-3.5711,2.0789,-0.6154,15656,0
2007,new orleans hornets,56,26,5.2805,0.0148,0.0046,-1.7804,0.2294,0.2209,-2.1303,-0.041,-0.0497,4.0362,-1.7321,-2.2276,14181,7
2007,orlando magic,52,30,5.4634,0.0404,-0.0104,0.4391,-0.828,-3.295,-1.5889,0.0238,-0.0152,3.946,-1.9175,1.3504,17301,5
2007,toronto raptors,41,41,2.9024,0.0154,0.0076,-1.7499,0.2806,-3.3364,-1.9193,-0.0327,-0.0304,2.885,-0.715,-1.8691,19435,1
2007,miami heat,15,67,-8.6463,-0.0151,0.0141,1.1501,0.283,-4.5986,1.1575,-0.0129,0.0131,-7.0492,2.6252,-1.9386,19463,0
2007,seattle supersonics,20,62,-8.7561,-0.0286,0.0061,1.0367,-1.3292,0.0672,-0.2937,-0.0291,-0.0173,-7.0077,1.985,4.1419,13355,0
2007,utah jazz,54,28,6.878,0.0324,0.0048,0.5977,1.8928,2.7075,-0.5071,0.0318,0.0629,6.3447,-1.126,1.2309,19907,6
2007,atlanta hawks,37,45,-1.8171,-0.013,0.004,0.7233,-0.2267,3.1404,1.4404,0.0296,-0.0143,-0.5797,1.3374,-1.0264,16280,3
2007,boston celtics,66,16,10.2561,0.0262,-0.038,1.3086,1.9879,-0.051,-1.1803,0.0333,0.0196,2.9203,-8.4248,-1.3276,18624,16
2007,charlotte bobcats,32,50,-4.378,-0.0037,0.0082,0.4842,0.2501,-1.1059,2.4794,-0.0022,0.003,-2.7845,2.046,-0.3813,14717,0
2007,chicago bulls,33,49,-3.0853,-0.0267,0.0002,0.283,1.033,2.1111,0.3392,-0.0082,0.0252,-3.526,-0.265,0.965,21987,0
2007,los angeles clippers,23,59,-7.2683,-0.0314,0.0075,0.5184,-0.2743,-3.5291,0.0672,0.0304,0.002,-6.5492,1.5899,0.0797,16888,0
2007,minnesota timberwolves,22,60,-6.7804,-0.0124,0.0167,0.4611,-0.2853,0.8648,-0.3596,-0.0511,0.0364,-3.7528,3.785,-0.1593,14476,0
2007,phoenix suns,55,27,5.0488,0.0548,-0.0079,0.2599,-1.3316,-4.2315,2.3319,-0.0044,-0.0426,5.8606,0.5947,4.559,18422,1
2007,dallas mavericks,51,31,4.5366,0.007,-0.0211,-0.9755,-1.4682,0.0148,-1.5974,0.026,0.0174,3.7203,-1.3565,-1.9581,20286,1
2007,houston rockets,55,27,4.6829,-0.0041,-0.0296,-0.2072,-0.228,2.399,-1.584,-0.032,-0.0187,-0.7101,-6.0053,-1.7301,17524,2
2007,milwaukee bucks,26,56,-6.8902,-0.014,0.0274,0.616,-0.117,3.1355,0.2892,-0.0184,0.0166,-2.4345,5.2533,-0.6337,15595,0
2007,philadelphia 76ers,40,42,0.4147,-0.0137,0.0075,0.0562,1.7184,5.1355,1.4294,-0.006,-0.0285,-0.7919,-1.2638,-1.8203,14870,2
2007,washington wizards,43,39,-0.3292,-0.0071,0.0166,-0.7475,0.316,2.0319,0.6526,-0.0011,-0.0173,1.8508,2.2118,-2.663,17962,2
2007,detroit pistons,59,23,7.3902,-0.0016,-0.0266,-1.7767,0.0684,2.8843,-0.5462,-0.004,0.0103,3.913,-4.5358,-4.874,22076,10
2007,new york knicks,23,59,-6.6098,-0.0206,0.0225,0.1586,-0.9987,1.8209,0.6721,-0.0066,-0.0052,-2.8333,4.2777,-0.3764,19115,0
2007,sacramento kings,38,44,-2.2561,0.0068,0.0155,1.5964,0.7464,-1.5328,1.6672,0.0431,0.0222,0.0752,2.5338,2.5492,14150,0
2007,portland trail blazers,41,41,-0.9756,-0.0061,-0.0043,-0.7938,-0.9072,0.0807,1.4587,-0.0156,-0.0221,-0.2028,0.8923,-4.1837,19550,0
2008,boston celtics,62,20,7.5122,0.0267,-0.0306,1.7557,0.6777,1.424,-2.343,0.0142,0.0177,2.2893,-5.9558,-1.0977,18624,7
2008,chicago bulls,41,41,-0.2805,-0.0076,-0.007,0.0265,-0.0845,1.5777,2.5509,0.0015,0.0004,0.3527,0.5698,1.5499,21187,3
2008,los angeles lakers,65,17,7.6585,0.0133,-0.0099,-0.7528,0.974,2.7094,0.3216,-0.0062,-0.0244,4.4588,-3.6778,2.9084,18997,16
2008,detroit pistons,39,43,-0.4878,-0.0167,-0.0144,-1.6455,-1.5296,1.3094,-0.7552,-0.0247,0.0104,-0.7497,-0.1753,-4.7062,21877,0
2008,golden state warriors,29,53,-3.7439,-0.0024,0.0076,-0.1101,-0.1504,-0.626,5.3509,0.0336,0.0129,0.9747,4.7954,6.8962,18942,0
2008,houston rockets,53,29,4.0,0.0011,-0.0213,0.1935,-1.1821,-0.0845,-1.915,-0.0036,-0.0455,0.2527,-4.2985,-1.2221,17504,7
2008,los angeles clippers,19,63,-8.7682,-0.0198,0.012,0.7313,-0.8089,-1.4808,2.2277,-0.0368,-0.0092,-6.0912,3.5515,0.5865,16185,0
2008,minnesota timberwolves,24,58,-4.9146,-0.0183,0.0147,-0.0235,-1.0577,1.0521,-1.8162,-0.0154,0.0173,-2.2168,3.2149,0.1706,14512,0
2008,new york knicks,32,50,-2.6098,0.0032,0.0212,-0.1394,-0.1052,-2.1284,0.6643,-0.0273,-0.0216,-0.2692,2.4527,5.345,19287,0
2008,oklahoma city thunder,23,59,-6.0976,-0.0285,0.0137,1.5496,-0.043,2.0643,-0.4699,0.0045,-0.0211,-5.3802,1.0966,2.2072,18704,0
2008,orlando magic,59,23,6.6951,0.0195,-0.0343,0.2887,-0.9455,-2.7113,-2.5967,0.0148,-0.0272,0.6881,-6.39,0.995,17043,13
2008,philadelphia 76ers,41,41,0.0731,-0.0139,0.0073,0.1094,1.624,4.4314,2.0448,0.0171,-0.0211,-0.179,-0.1839,-1.5891,15802,2
2008,san antonio spurs,54,28,3.7561,0.0132,-0.0142,-1.5479,-1.4748,-4.6028,-4.404,-0.0477,-0.0454,0.2088,-3.9521,-3.0001,18269,1
2008,utah jazz,48,34,2.6464,0.0044,0.0054,0.5009,1.9484,1.5936,0.8338,0.0379,0.024,1.8808,-1.0839,1.7633,19903,1
2008,washington wizards,19,63,-7.4634,-0.0211,0.0332,0.096,0.1655,1.1277,1.8533,-0.0125,-0.0117,-2.99,5.2674,-0.3306,16612,0
2008,cleveland cavaliers,66,16,8.9268,0.0193,-0.0333,-0.9333,0.2972,1.1106,-0.965,-0.0013,-0.01,4.3161,-5.7631,-2.7794,20512,10
2008,dallas mavericks,50,32,1.9756,0.0044,-0.0071,-1.0882,-0.9479,-0.2199,-1.1638,-0.0138,-0.012,2.2308,0.1625,0.0633,20042,5
2008,phoenix suns,46,36,1.9268,0.0449,0.011,1.4313,-0.5833,0.8545,1.746,0.0154,-0.0047,5.2357,3.3332,4.6048,18422,0
2008,memphis grizzlies,24,58,-5.4635,-0.0148,0.0162,1.124,0.8045,-0.6735,-0.2638,0.011,0.0094,-4.457,1.654,-1.577,12680,0
2008,miami heat,43,39,0.2561,-0.0001,0.0015,-1.1284,1.3082,-1.8833,0.6582,-0.026,0.0131,-0.6278,-0.6875,-1.5416,18262,3
2008,portland trail blazers,54,28,5.3414,0.0105,-0.0013,-0.8248,0.0374,6.1838,-1.4564,-0.0029,-0.0097,5.7661,-0.2875,-4.8489,20524,2
2008,toronto raptors,33,49,-2.8171,-0.005,0.0098,-0.3613,-0.6516,-2.6381,-0.3369,-0.0051,-0.0361,-1.2485,1.7235,0.5621,18773,0
2008,atlanta hawks,47,35,1.5732,0.0044,-0.0053,-0.7589,-0.287,-0.6808,1.6338,0.0027,-0.0267,1.31,-0.5265,-1.9428,16748,4
2008,charlotte bobcats,35,47,-1.2682,-0.0062,-0.0016,1.8594,1.0411,1.2655,0.5423,-0.0053,-0.0058,-3.5485,-1.957,-3.1904,14574,0
2008,denver nuggets,54,28,3.4147,0.011,-0.0142,1.1448,0.7899,0.8119,1.5814,0.0542,0.0209,2.06,-1.2863,2.8401,17223,10
2008,indiana pacers,36,46,-1.1097,0.0012,0.0004,-0.0772,-0.5918,-1.2674,-1.3016,-0.0223,0.0334,-0.2156,0.9064,5.0657,14182,0
2008,milwaukee bucks,34,48,-1.0853,-0.0173,0.004,0.0094,2.1813,1.168,-0.504,0.0013,0.0805,-1.5302,-0.3582,1.0987,15389,0
2008,new jersey nets,34,48,-2.439,-0.0018,0.0096,-0.6955,-0.2638,-1.6516,-0.2406,-0.0018,0.0352,0.1686,2.8869,-1.6355,15147,0
2008,new orleans hornets,49,33,1.5488,0.0006,-0.004,-0.9272,-0.1479,-2.0016,-1.3869,-0.0038,-0.008,0.7808,-0.8924,-3.8782,16968,1
2008,sacramento kings,17,65,-8.7561,-0.0083,0.0266,1.0423,-0.1455,-2.3979,3.546,0.0139,0.0307,-2.6643,6.6674,2.7035,12687,0
2009,cleveland cavaliers,61,21,6.5244,0.0309,-0.0179,-0.048,-1.0016,-1.1374,-3.4228,0.0154,-0.012,3.8154,-3.3968,-1.2799,20562,6
2009,dallas mavericks,55,27,2.7195,0.0045,-0.0053,-0.9565,0.1215,-1.924,0.1223,-0.0035,-0.0252,1.5471,-1.2931,-0.0592,19994,2
2009,los angeles lakers,57,25,4.7195,-0.0048,-0.0164,-0.6614,-0.2114,1.304,-0.6496,-0.0089,-0.0343,1.0447,-3.8834,0.3408,18997,16
2009,portland trail blazers,50,32,3.3049,-0.0019,0.0017,-1.3748,0.002,1.8577,-1.0325,0.0185,-0.0087,3.4447,-0.437,-4.8811,20496,2
2009,atlanta hawks,53,29,4.6585,0.0056,-0.0052,-1.7577,-0.1663,1.9833,1.1797,-0.0182,-0.0217,4.1337,-0.8627,-2.4043,16545,4
2009,boston celtics,50,32,3.6585,0.0224,-0.0133,1.0532,1.6191,-3.385,-0.2691,0.0176,0.0217,0.1934,-3.8419,-0.9897,18624,15
2009,denver nuggets,53,29,4.0853,0.0068,-0.0054,-0.2687,0.3984,-0.252,1.3101,0.0612,0.0203,3.8666,-0.2431,2.3274,17982,2
2009,golden state warriors,26,56,-3.5975,0.0129,0.0241,0.0057,2.0313,-5.1935,5.2565,-0.0002,0.0313,0.2447,3.8556,8.0274,18027,0
2009,los angeles clippers,29,53,-6.3537,-0.0076,0.0083,1.4337,-1.0236,0.6431,-0.1594,-0.0231,-0.0167,-4.3883,2.5581,0.042,16343,0
2009,memphis grizzlies,40,42,-1.5122,-0.0081,0.019,0.4008,0.0398,5.0687,0.4394,0.0047,-0.0267,0.6081,2.2471,1.086,13485,0
2009,miami heat,47,35,2.2805,-0.0046,-0.0207,-0.637,0.5313,-0.0008,-1.0557,-0.0078,0.0169,-0.8322,-3.4053,-3.0323,17730,1
2009,minnesota timberwolves,15,67,-9.5976,-0.0225,0.0224,1.4179,-0.2419,0.3589,0.3101,-0.0242,-0.0098,-6.1212,3.8508,3.5884,15101,0
2009,oklahoma city thunder,50,32,3.4878,-0.0073,-0.0168,0.5471,0.7276,2.2187,-0.0228,0.0372,0.0007,0.7215,-3.02,0.4579,18003,2
2009,orlando magic,59,23,7.4878,0.0341,-0.0233,0.4167,-1.2041,-1.496,-3.646,0.0171,-0.0259,3.6727,-4.4602,-0.458,17461,10
2009,san antonio spurs,50,32,5.0854,0.0142,-0.0185,-0.3614,-1.1321,0.5065,-2.5472,-0.0118,-0.0165,2.1581,-3.2931,-0.7653,18089,4
2009,toronto raptors,40,42,-1.7805,0.0224,0.0124,-0.465,-1.4492,-1.6106,0.7004,0.0146,0.0159,3.7337,5.43,0.5567,17897,0
2009,chicago bulls,41,41,-1.6342,-0.0233,-0.0158,-0.0138,-0.9102,0.4394,-0.7703,-0.0137,-0.0182,-4.2212,-2.4322,0.6055,20725,1
2009,charlotte bobcats,44,38,1.4634,-0.0113,-0.008,1.6447,1.3642,0.0455,-0.2838,0.0306,-0.0373,-3.1956,-4.5858,-2.2884,15817,0
2009,detroit pistons,27,55,-5.1098,-0.0269,0.026,-0.5968,0.8935,3.9906,0.4138,-0.0092,0.0337,-1.8639,3.9569,-4.0726,18751,0
2009,indiana pacers,32,50,-3.0122,-0.0102,-0.0106,0.424,0.0606,-4.6374,0.7284,-0.0003,0.0293,-3.8614,-0.8224,4.375,14202,0
2009,new jersey nets,12,70,-9.122,-0.0434,0.0162,0.2228,-0.026,-1.0874,2.0089,0.01,-0.0007,-6.9139,3.1008,-1.3092,13103,0
2009,new orleans hornets,37,45,-2.4634,0.0057,0.0236,-0.6333,0.3093,-1.5386,-0.3984,-0.0423,-0.0246,-0.2736,2.4605,0.1067,15057,0
2009,philadelphia 76ers,27,55,-3.9024,-0.0045,0.0177,0.4081,0.3118,1.2162,0.726,-0.0278,0.002,-1.5249,2.8947,-1.1275,14224,0
2009,phoenix suns,54,28,4.9024,0.0448,-0.0104,0.302,-1.5358,1.2662,3.0223,0.0099,-0.0068,7.6483,2.4788,2.8603,17648,10
2009,utah jazz,53,29,5.3415,0.0246,-0.008,0.9215,0.8764,0.487,-1.8264,0.021,0.0389,3.113,-2.6419,1.2542,19378,4
2009,houston rockets,42,40,-0.3659,-0.0067,0.0111,-0.0943,0.4508,0.765,-0.2057,-0.0041,-0.0148,-0.087,0.3337,1.553,16528,0
2009,milwaukee bucks,46,36,1.6951,-0.0191,-0.0142,-0.9126,1.3484,0.0772,-2.9655,-0.0493,0.0366,-2.7175,-4.648,-0.7762,15108,3
2009,new york knicks,29,53,-3.817,0.0073,0.0243,-0.1626,0.1106,-2.7118,1.4833,-0.0314,-0.0234,-0.2407,3.7398,1.5738,19501,0
2009,washington wizards,26,56,-4.7805,-0.0198,0.0026,0.6106,-0.5699,1.2138,1.2614,-0.0145,0.008,-3.348,1.9593,-1.0189,16204,0
2009,sacramento kings,25,57,-4.3659,-0.0098,0.0048,0.3203,-0.5394,1.4699,0.2297,-0.0222,0.0133,-2.398,2.3593,1.4957,13254,0
2010,boston celtics,56,26,5.3659,0.0219,-0.0274,0.8237,1.2993,-5.1936,-0.946,0.0058,0.004,-0.6459,-6.5435,-1.7132,18624,5
2010,los angeles lakers,57,25,6.1097,0.0042,-0.0193,-0.9714,-0.5543,2.9308,1.2076,-0.0028,-0.0517,3.6102,-3.002,-0.9315,18997,4
2010,portland trail blazers,48,34,1.5244,-0.0092,0.0121,-0.808,2.1054,2.8869,1.2576,-0.0054,0.0013,1.776,-0.074,-3.8644,20510,2
2010,cleveland cavaliers,19,63,-9.0122,-0.0243,0.0272,0.1201,-0.6116,-2.2375,0.1418,0.0017,-0.0212,-5.2544,4.5578,1.4088,20112,0
2010,dallas mavericks,57,25,4.2317,0.0274,-0.009,0.3725,-0.336,-2.2912,-1.1253,-0.0087,-0.0248,2.2468,-2.241,-0.3644,20101,16
2010,denver nuggets,50,32,4.7561,0.0277,0.0033,-0.0129,-0.6677,-2.4607,-1.5656,0.0502,-0.007,4.8382,0.0236,3.9441,16989,1
2010,golden state warriors,36,46,-2.3293,0.0129,0.0127,0.0445,1.0579,0.2308,4.2137,-0.0491,0.0275,0.9553,3.3858,2.9722,18692,0
2010,los angeles clippers,32,50,-3.1342,-0.001,0.0031,1.5689,-0.6738,2.1381,0.3137,0.0022,0.0203,-1.763,1.7821,0.8954,17742,0
2010,memphis grizzlies,46,36,2.3414,-0.0038,0.0057,-0.3336,2.142,2.7418,0.8381,-0.0119,-0.0027,0.5285,-2.0252,0.0941,14650,7
2010,minnesota timberwolves,17,65,-6.6341,-0.0144,0.0169,1.825,-0.2921,3.1235,-0.0229,-0.0156,0.0197,-3.1654,3.6858,4.7734,15242,0
2010,new jersey nets,24,58,-6.2439,-0.0217,0.0062,-0.3153,-1.5238,-0.396,-0.4595,-0.0157,0.0101,-4.0118,2.9419,-2.0168,14179,0
2010,new orleans hornets,46,36,0.8902,-0.0039,0.0051,-0.7324,0.8067,-1.1314,-2.3741,-0.0054,-0.0107,-0.7447,-1.813,-3.2498,14709,2
2010,oklahoma city thunder,55,27,3.7927,0.0054,-0.0044,-0.2494,-0.4799,0.7332,0.0003,0.0687,-0.0024,4.1943,0.0541,0.932,18148,9
2010,philadelphia 76ers,41,41,1.5,-0.0025,-0.0099,-1.2116,-0.0348,-1.7497,-0.8607,-0.0204,0.001,-0.3752,-1.9825,-0.2644,14751,1
2010,san antonio spurs,61,21,5.7073,0.0306,-0.0051,-0.519,-0.6031,-1.4302,-1.2217,-0.0023,-0.0423,4.3029,-1.7703,0.6429,18314,2
2010,toronto raptors,22,60,-6.2805,-0.0055,0.0257,0.2945,-0.2555,1.7796,1.5637,-0.0105,0.0192,-1.1483,5.57,1.1356,16591,0
2010,orlando magic,52,30,5.4634,0.0234,-0.0204,0.9945,-0.3616,-0.3009,-3.3973,-0.0042,-0.012,0.7785,-5.1337,-0.618,18972,2
2010,utah jazz,39,43,-1.8293,0.0006,0.01,0.0713,0.4079,0.4393,1.8174,0.0113,0.0437,0.9504,3.048,-0.7937,19511,0
2010,charlotte bobcats,34,48,-4.0,-0.015,0.0043,0.5871,-0.5714,-0.6582,-1.7546,0.007,-0.0009,-3.68,0.92,-2.2571,15846,0
2010,detroit pistons,30,52,-3.5976,-0.0019,0.0315,-1.0031,0.4908,0.9771,1.1088,-0.0262,0.003,0.3614,4.5017,-2.6485,16660,0
2010,miami heat,58,24,7.4634,0.0265,-0.0225,0.0518,-0.8421,-1.0619,-1.8497,0.049,-0.0079,4.6126,-3.6544,-0.9888,19778,14
2010,phoenix suns,40,42,-0.8902,0.0244,0.0156,-0.1629,-0.3129,-2.6875,2.1503,-0.0158,-0.0198,2.2029,3.1456,2.5893,17567,0
2010,atlanta hawks,44,38,-0.8171,0.0045,-0.0017,-0.1311,-1.0982,-2.6253,-0.6839,-0.0216,-0.0195,-1.0008,-0.0459,-2.601,15648,6
2010,chicago bulls,62,20,7.3171,0.0042,-0.034,0.0262,0.0969,2.9637,-2.5875,-0.0048,-0.0088,1.3041,-6.9337,-1.5266,21791,9
2010,houston rockets,43,39,2.1829,0.0066,0.0031,-1.0592,-0.625,1.0735,0.91,0.0092,-0.0123,4.0187,1.6626,2.4978,16191,0
2010,indiana pacers,37,45,-1.0732,-0.0104,-0.0103,0.7481,-0.4653,-0.5046,-0.5436,0.0037,0.0084,-2.4715,-1.2691,3.0039,13538,1
2010,milwaukee bucks,35,47,-0.8415,-0.0298,-0.0144,-0.6494,1.431,-1.6948,-1.1924,-0.0138,0.005,-5.541,-4.5398,-2.1144,15412,0
2010,new york knicks,42,40,0.7805,0.0165,0.0146,-0.5263,0.1908,-1.7912,1.6088,0.0152,0.0099,3.7529,2.9187,3.7868,19728,0
2010,sacramento kings,24,58,-5.3415,-0.0174,0.0156,1.2054,0.0847,3.7808,-0.557,-0.0224,0.0041,-3.8252,1.8224,3.4429,13890,0
2010,washington wizards,23,59,-7.4024,-0.0265,0.0154,0.6506,0.8945,1.6235,3.2174,-0.0149,0.0194,-4.8837,2.9309,2.0039,16791,0
2011,dallas mavericks,36,30,0.9546,0.0025,-0.0064,-0.2521,0.0691,-3.4552,-1.6825,-0.0189,-0.0052,-1.2287,-2.3015,0.3821,20334,0
2011,golden state warriors,23,43,-3.4091,0.0197,0.0102,-0.29,0.0403,-4.0022,4.1932,-0.0355,0.0279,0.6622,4.3546,1.3791,18857,0
2011,los angeles lakers,41,25,1.4242,0.0049,-0.0098,0.56,-2.8264,2.3402,-1.6522,0.0164,-0.0491,1.3122,-0.2287,-0.3815,18997,5
2011,new york knicks,36,30,3.197,0.0049,-0.0012,1.0236,2.06,-0.0825,-0.634,0.019,0.0132,0.2016,-3.4424,1.867,19763,1
2011,oklahoma city thunder,47,19,6.1212,0.0302,-0.0214,1.7964,-0.7461,0.7326,0.8826,0.0598,-0.0033,5.0198,-1.5439,1.9973,18203,13
2011,charlotte bobcats,7,59,-13.9091,-0.0469,0.0257,-0.0794,-0.8188,-3.3749,2.2129,-0.0026,-0.0033,-9.456,5.9531,-0.0224,14757,0
2011,cleveland cavaliers,21,45,-7.197,-0.0229,0.0227,0.5024,-0.4839,2.0932,0.9948,0.0106,-0.0088,-3.4439,4.4682,0.1745,15926,0
2011,indiana pacers,42,24,3.303,-0.0116,-0.0094,-0.7324,0.4706,2.372,0.6114,0.0413,0.0133,2.3228,-1.3636,-0.4118,14168,6
2011,minnesota timberwolves,26,40,-2.197,-0.0094,0.0039,0.3721,-1.2491,0.8448,0.216,0.0271,-0.0221,-0.4575,1.6879,2.4033,17490,0
2011,orlando magic,37,29,0.7879,0.0185,0.0021,0.607,-0.6824,-0.5007,-2.4052,-0.0164,-0.0177,0.341,-0.4333,-2.0633,18896,1
2011,phoenix suns,33,33,-0.2425,0.0131,0.0041,-0.3567,-0.5127,-1.081,1.4448,-0.0156,-0.0106,1.6592,1.7925,1.5609,15597,0
2011,portland trail blazers,28,38,-0.6212,0.0009,0.0178,-0.1112,0.2721,-0.4901,0.6069,0.0011,-0.011,1.2425,1.9349,0.167,20496,0
2011,sacramento kings,22,44,-5.6818,-0.0142,0.029,-0.6703,0.3024,2.1129,2.3811,-0.0125,-0.011,-0.8484,5.1243,3.6261,14508,0
2011,san antonio spurs,50,16,7.1667,0.0433,0.003,-0.6976,-0.7052,-1.6204,-2.8128,-0.0134,-0.0419,6.1425,-1.4818,1.9564,18396,10
2011,washington wizards,20,46,-4.803,-0.0139,0.006,0.4161,0.4797,0.4099,2.0251,-0.0259,0.0198,-3.5545,1.7198,1.3882,16728,0
2011,miami heat,46,20,5.9848,0.0182,-0.0059,0.8736,1.7903,-0.2037,-0.6734,0.0287,-0.0097,2.3531,-4.203,0.0124,19935,16
2011,milwaukee bucks,31,35,0.2728,-0.0047,0.0029,-0.6006,1.0721,0.9584,2.2978,-0.0157,0.0089,0.7637,0.4213,2.823,14718,0
2011,new jersey nets,22,44,-5.9849,-0.0132,0.0279,0.4691,0.0615,1.0554,2.4448,-0.0006,-0.0018,-1.5302,5.2198,-0.9648,13961,0
2011,atlanta hawks,40,26,3.4394,0.0137,-0.0055,-0.3779,0.6479,-2.9401,-1.1174,-0.0198,-0.024,0.4304,-3.259,-0.9133,15199,2
2011,denver nuggets,38,28,2.8788,0.0301,0.0227,0.5873,0.6055,1.0599,-1.0219,0.0299,-0.0247,4.644,1.6592,3.1518,17029,3
2011,detroit pistons,25,41,-4.7879,-0.0171,0.0151,0.9221,0.2858,1.5629,0.1932,0.0017,0.0155,-3.1802,2.1773,-2.1164,14413,0
2011,memphis grizzlies,41,25,2.0151,-0.0128,-0.0016,-0.0188,2.46,3.0523,0.5932,0.0027,0.0179,-0.4939,-2.7363,-0.3527,15710,3
2011,new orleans hornets,21,45,-3.7575,-0.0086,-0.0009,1.2888,-0.1445,0.666,-0.0886,0.0011,0.0089,-3.4893,0.6698,-2.9436,15109,0
2011,toronto raptors,23,43,-3.303,-0.0105,-0.011,0.9964,-0.9612,-0.9416,-2.2083,0.0004,0.052,-3.7333,0.0152,-1.883,16835,0
2011,houston rockets,34,32,0.2273,0.0064,0.005,-0.1991,0.0479,0.716,-0.4219,-0.0255,0.0007,1.1031,0.797,0.5806,15363,0
2011,boston celtics,39,27,2.5152,0.011,-0.0341,0.8979,0.8676,-7.2295,0.922,-0.0071,0.0062,-3.1893,-5.9727,-1.027,18624,11
2011,los angeles clippers,40,26,2.5607,0.0169,0.0062,-1.3127,0.51,2.4084,0.1781,-0.0138,0.0364,4.1864,1.3895,-2.0664,19219,4
2011,utah jazz,36,30,0.6212,-0.004,0.0079,-0.6248,0.1539,3.4084,-0.9022,0.0175,0.0379,2.2031,1.6031,0.4806,19306,0
2011,chicago bulls,50,16,8.1818,0.0043,-0.0369,-0.487,-1.0279,5.8978,-1.1022,-0.0253,-0.0361,2.9122,-6.4227,-1.9679,22161,2
2011,philadelphia 76ers,35,31,4.2425,-0.0063,-0.0255,-2.7961,-0.3324,-2.5325,-2.2386,-0.0491,-0.0186,-0.5999,-5.3045,-1.4027,17502,7
2012,cleveland cavaliers,24,58,-4.6829,-0.0224,0.0284,-0.6841,0.8452,1.9012,1.0232,-0.0065,0.0205,-1.4458,3.625,0.4477,16192,0
2012,los angeles lakers,45,37,1.1585,0.0169,-0.0005,0.422,-1.8011,0.5512,-0.6,0.0348,-0.0441,1.9567,0.6945,2.6879,18997,0
2012,miami heat,66,16,7.8658,0.0571,-0.0081,0.0013,0.883,-4.3585,0.5244,0.019,-0.0035,6.8957,-1.7677,-1.406,19982,16
2012,chicago bulls,45,37,0.317,-0.0252,-0.0182,-0.1207,-0.4719,2.9683,-0.0902,-0.0044,0.001,-2.3006,-2.6628,-2.5316,21876,5
2012,detroit pistons,29,53,-3.9878,-0.0071,0.0095,0.6196,-0.5585,1.711,0.6098,-0.0084,0.0032,-1.9701,2.4933,-1.0291,14782,0
2012,los angeles clippers,56,26,6.4513,0.0285,-0.0024,-0.0011,1.6367,2.5183,-0.0024,-0.0022,0.0235,5.086,-2.0665,-0.8548,19226,2
2012,new orleans hornets,27,55,-3.8658,-0.0075,0.0239,0.1476,-0.4975,2.8793,-0.7732,-0.0134,0.0037,0.086,4.4262,-3.4011,13803,0
2012,philadelphia 76ers,34,48,-3.3415,-0.0147,-0.0002,-1.1146,0.0281,-1.3622,0.1927,-0.0609,-0.0057,-3.847,-0.164,-0.8072,16717,0
2012,phoenix suns,25,57,-6.4634,-0.0185,0.0152,0.6964,0.5903,0.4756,1.6195,-0.032,0.002,-4.5348,2.2884,1.6087,15436,0
2012,portland trail blazers,33,49,-3.1707,0.0019,0.0168,0.3696,-1.0682,-1.1207,0.1902,-0.0119,-0.0159,-0.3287,3.2299,-0.284,19829,0
2012,toronto raptors,34,48,-1.4756,-0.0084,0.0028,-0.5438,0.0269,-0.9268,0.0744,0.0103,0.041,0.0433,1.4469,-1.3121,18144,0
2012,utah jazz,43,39,-0.0854,-0.0045,0.0068,0.1769,0.355,2.3671,0.45,0.0096,0.0198,0.8847,0.964,-0.8633,18632,0
2012,san antonio spurs,58,24,6.4024,0.0352,-0.0164,0.2903,0.0647,-5.711,-1.1,-0.0008,-0.0273,2.5701,-4.2811,2.3318,18431,15
2012,atlanta hawks,44,38,0.4024,0.0221,0.0,0.6037,0.483,-4.1451,-0.2841,-0.0323,-0.0244,-1.0323,-1.4006,0.783,15125,2
2012,boston celtics,41,40,-0.2195,0.0019,-0.0188,0.1879,0.1464,-6.5902,-0.1915,-0.004,0.0098,-3.7372,-3.4177,-1.3999,18624,2
2012,charlotte bobcats,21,61,-9.2317,-0.0362,0.0286,-0.7133,-0.3353,-0.6524,2.3561,0.0266,-0.008,-4.1982,5.9664,-0.4901,15324,0
2012,golden state warriors,47,35,0.8902,0.0098,-0.0099,0.5818,-1.1938,-0.9293,-1.8293,-0.0032,0.0065,0.5652,-0.4958,2.7428,19373,6
2012,minnesota timberwolves,31,51,-2.3659,-0.0225,0.0159,0.1025,1.3586,1.0134,-0.4537,0.0231,-0.0184,-2.9201,-0.3006,0.9879,16340,0
2012,new york knicks,54,28,4.2317,0.0193,0.0127,-1.8633,1.1147,-0.8683,-1.1683,-0.0091,0.0103,5.2933,0.3872,-1.9913,19033,6
2012,oklahoma city thunder,60,22,9.2073,0.0305,-0.0276,0.6598,-0.145,0.2183,0.3098,0.0756,-0.0091,6.7603,-3.1848,1.4891,18203,5
2012,orlando magic,20,62,-6.9878,-0.0119,0.0125,0.1074,-1.7133,-0.8902,-1.0817,-0.0579,-0.0108,-4.4421,3.2555,0.4574,17627,0
2012,brooklyn nets,49,33,1.7804,0.0012,0.0076,0.1769,-0.4743,4.5744,-0.122,0.0137,-0.0325,2.5664,0.6067,-3.1243,17187,3
2012,dallas mavericks,41,41,-0.5976,0.0096,-0.0034,-0.5438,-0.3463,-4.5634,0.3402,-0.014,0.0218,0.1213,0.6055,2.2843,20036,0
2012,houston rockets,45,37,3.4756,0.0283,0.0051,1.2293,-0.1731,0.022,-1.5159,0.0265,-0.0096,3.8884,0.1347,4.3001,16672,2
2012,indiana pacers,49,32,3.9756,-0.0224,-0.0476,0.4464,-0.8731,3.4305,-1.3902,0.0118,-0.0105,-2.9397,-7.2214,-2.6852,15269,11
2012,milwaukee bucks,38,44,-1.5,-0.0194,-0.0043,-0.8011,0.7123,1.2402,2.2183,-0.0314,-0.0035,-2.258,-0.5214,2.8367,15035,0
2012,washington wizards,29,53,-2.5366,-0.0203,-0.0127,0.6696,0.0086,-1.7683,-1.2378,-0.0148,0.0014,-5.7519,-2.9311,0.4196,16343,0
2012,memphis grizzlies,56,26,4.1463,-0.0222,-0.02,-0.517,1.3574,4.3976,-0.7488,-0.0026,0.0034,-0.5836,-5.325,-3.595,16624,8
2012,sacramento kings,28,54,-4.8781,-0.0049,0.0208,-0.206,-0.0572,0.3085,2.4378,0.0017,0.0222,0.3128,5.6225,1.8782,13749,0
2012,denver nuggets,57,25,5.0853,0.0201,-0.0024,0.0391,0.5171,4.9085,1.8415,0.0118,-0.0121,4.7018,-0.564,3.1891,17819,2
2013,indiana pacers,56,26,4.4024,-0.0109,-0.0412,0.81,-0.4375,-0.6562,-2.3477,0.0092,-0.0204,-2.8284,-7.4784,-1.202,17501,10
2013,los angeles lakers,27,55,-6.2927,0.0036,0.0116,0.4259,-1.0973,-5.1965,3.5133,-0.0186,-0.0235,-2.6358,3.4825,5.037,18828,0
2013,miami heat,54,28,4.7561,0.0521,0.0093,1.0661,1.8735,-4.8184,1.3682,0.0123,-0.0056,4.6106,-0.7736,-2.7764,19781,13
2013,cleveland cavaliers,33,49,-3.2927,-0.0231,0.0074,-0.5717,-0.4887,1.673,-1.227,-0.0165,-0.017,-2.5699,0.996,-0.6984,17329,0
2013,dallas mavericks,49,33,2.4025,0.0248,0.0137,-0.6107,1.2747,-0.6587,1.7121,-0.0137,0.0138,4.4277,1.7167,-0.0691,19950,3
2013,detroit pistons,29,53,-3.6585,-0.02,0.0196,-0.6009,0.3466,6.006,0.967,-0.0187,0.0008,-0.9321,2.9886,1.2406,15024,0
2013,golden state warriors,51,31,4.8049,0.0146,-0.0242,0.5796,0.1149,-0.2209,-1.5367,-0.031,0.0071,0.5216,-4.4565,2.6821,19596,3
2013,houston rockets,54,28,4.5609,0.0297,-0.012,1.0466,-1.0095,1.9596,0.2365,0.0611,-0.0234,4.196,-0.4504,2.4882,18123,2
2013,minnesota timberwolves,40,42,2.6707,-0.0154,0.0158,-1.1582,1.4064,2.0121,0.1072,0.0331,-0.0411,1.8752,-0.815,3.7577,14564,0
2013,new orleans pelicans,34,48,-2.7073,-0.0067,0.0129,-0.7534,0.193,1.2645,0.5487,0.0048,0.0349,0.4484,3.3789,-1.5594,16390,0
2013,new york knicks,37,45,-0.7926,0.0041,0.0131,-1.0741,0.4344,-0.1282,0.0352,-0.0271,0.0284,1.7435,2.4435,-3.5277,19812,0
2013,philadelphia 76ers,19,63,-10.4512,-0.0257,0.0225,1.3966,1.2771,-0.633,2.0487,-0.0275,0.0292,-7.4309,3.0008,5.4638,13869,0
2013,phoenix suns,48,34,2.6341,0.0184,-0.0044,0.5747,0.3686,0.995,0.7852,0.0058,0.0199,2.7313,0.0167,2.0382,15871,0
2013,sacramento kings,28,54,-2.9024,-0.0183,0.0112,0.3771,-0.6509,2.4682,-2.1099,0.0348,0.0179,-1.304,1.9362,0.7809,16291,0
2013,san antonio spurs,62,20,7.7196,0.0354,-0.0205,0.2076,-0.6485,-2.7648,-1.6306,-0.0274,-0.0318,3.563,-4.6004,1.3882,18415,16
2013,toronto raptors,48,34,3.2439,-0.0025,-0.0085,-0.4058,0.5027,1.6499,-0.3672,0.0239,0.0206,2.2435,-1.3723,-2.0106,18252,3
2013,utah jazz,25,57,-7.1707,-0.0173,0.0165,0.2844,-1.2765,0.0474,-0.0794,-0.014,0.0091,-3.3772,4.474,-2.313,18175,0
2013,chicago bulls,48,34,1.8536,-0.0308,-0.0311,0.3893,0.1686,1.8267,-0.9989,0.0113,-0.0265,-4.0358,-6.1272,-3.6703,21716,1
2013,los angeles clippers,57,25,6.9756,0.024,-0.0182,-0.7814,0.2344,-0.3209,1.9267,0.0435,0.0064,5.3642,-1.8882,2.2101,19212,6
2013,atlanta hawks,38,44,-0.4756,0.0132,0.0085,0.732,0.4844,-4.4794,0.1438,-0.0082,-0.0205,-0.8211,-0.265,0.787,14339,3
2013,boston celtics,25,57,-4.4634,-0.024,0.004,0.443,-0.0692,1.8145,0.2584,-0.0241,0.0107,-3.7028,1.102,-0.6033,18107,0
2013,brooklyn nets,44,38,-1.0,0.0123,0.0064,0.5588,1.2783,-3.8818,2.2926,0.0193,0.0213,-0.1004,1.1094,-2.2947,17251,5
2013,charlotte bobcats,43,39,-0.2195,-0.0211,-0.0111,-1.8802,-0.8717,-3.4538,-3.0562,0.0052,-0.0327,-3.2101,-2.9138,-1.2557,15518,0
2013,denver nuggets,36,46,-2.1464,-0.0056,-0.0032,0.6161,-0.6119,1.9791,0.1267,0.0063,0.018,-0.9345,1.2618,4.4138,16899,0
2013,memphis grizzlies,50,32,1.5731,-0.0077,-0.0039,-0.5887,0.3613,2.8267,-1.0526,-0.0321,-0.0163,-0.4101,-2.0626,-3.9008,16718,3
2013,orlando magic,23,59,-5.439,-0.015,0.003,0.3881,-0.4326,-3.0196,-0.9599,-0.0237,-0.0034,-5.3858,0.5777,-0.0472,16245,0
2013,washington wizards,44,38,1.2683,0.0048,0.0022,0.0637,1.3918,-0.1952,-1.0709,-0.0363,0.0046,-0.7748,-2.0723,-0.535,17026,6
2013,milwaukee bucks,15,67,-8.1829,-0.0224,0.0183,0.4357,-0.2802,1.7511,3.006,-0.0123,0.0076,-3.8577,5.1484,-2.0325,13465,0
2013,portland trail blazers,54,28,3.9878,0.0013,-0.0142,-0.9656,-2.4131,2.6194,-0.1965,0.0035,-0.0234,4.5008,0.2801,1.3297,19746,5
2013,oklahoma city thunder,59,23,6.3414,0.0182,-0.0135,0.6454,0.2271,1.073,-0.9038,0.0266,0.005,3.7923,-2.9309,1.7126,18203,10
2014,los angeles lakers,21,61,-6.8415,-0.0232,0.0215,-1.0805,-1.1232,0.2706,-1.277,-0.0023,0.0255,-2.3545,5.0101,0.0749,18737,0
2014,new orleans pelicans,45,37,0.7927,0.005,-0.0009,-0.7232,-1.4537,1.9315,-0.1721,-0.009,-0.0102,2.5309,1.7272,-2.4983,16677,0
2014,san antonio spurs,55,27,6.1951,0.0221,-0.0115,-0.0549,-0.011,-1.7502,-2.4099,-0.0063,-0.015,2.8309,-3.8179,-0.0276,18606,3
2014,boston celtics,40,42,0.1586,-0.0067,-0.0026,-0.6854,0.578,-0.377,-0.1636,-0.0305,0.0006,-1.1033,-1.252,2.0053,17593,0
2014,charlotte hornets,33,49,-3.1708,-0.0402,-0.0082,-2.1427,-1.2317,-2.8136,-4.5197,-0.0055,-0.0193,-5.5045,-1.9838,-0.9727,17192,0
2014,denver nuggets,30,52,-3.5488,-0.0165,0.0076,-0.35,-0.2256,1.4498,0.2096,-0.0031,0.0341,-1.3155,2.2553,2.2992,14700,0
2014,indiana pacers,38,44,0.2805,-0.0111,-0.0162,-0.1963,-1.1427,-0.8831,-3.2026,-0.0053,0.0121,-1.9862,-2.3813,-0.7544,16864,0
2014,memphis grizzlies,55,27,3.2439,-0.0064,-0.0044,-0.4256,1.2159,-0.3636,-0.427,0.007,-0.0238,0.0223,-3.5277,-1.8751,17329,6
2014,miami heat,37,45,-2.5976,0.0039,0.011,0.9573,0.8549,-1.905,1.2791,0.0216,0.0076,-1.5594,1.4906,-3.2312,19712,0
2014,new york knicks,17,65,-9.3171,-0.0253,0.0163,0.4878,0.1232,-0.5599,1.7657,-0.0257,0.0286,-5.5399,4.5906,-2.93,19812,0
2014,phoenix suns,39,43,-0.9025,0.0047,0.0012,0.5354,0.7793,-0.3819,1.2486,-0.0167,0.0137,-0.4935,0.4236,2.4029,16923,0
2014,portland trail blazers,51,31,4.2317,0.0114,-0.0197,-0.4134,-1.939,-0.8733,-1.2319,-0.0265,-0.0244,2.3821,-2.1228,0.4651,19472,1
2014,sacramento kings,29,53,-3.7073,-0.006,0.0112,1.5549,-1.261,1.3669,-0.2111,0.0696,-0.0065,-0.4106,3.5297,1.5541,16586,0
2014,toronto raptors,49,33,3.0732,0.012,0.0104,-1.2488,0.1622,0.5706,1.7267,0.0261,0.0018,5.6358,2.2687,-1.1642,19751,0
2014,utah jazz,38,44,0.2195,-0.0019,-0.0048,1.0293,-0.4598,3.9779,-1.2892,0.009,-0.0065,-0.2338,-0.5179,-3.7117,18830,0
2014,cleveland cavaliers,53,29,4.4756,0.0232,0.0067,0.1415,-0.622,1.751,0.1169,0.0097,-0.0299,5.5089,0.7028,-1.5983,20562,14
2014,dallas mavericks,50,32,2.9024,0.0189,0.0076,-1.1427,1.3805,-1.455,2.5986,-0.0103,-0.0031,3.8711,0.7138,1.2602,20187,1
2014,los angeles clippers,56,26,6.5854,0.0374,-0.0025,-1.5927,-0.0402,-2.2465,-0.6892,0.009,0.0252,6.7784,-0.2045,0.7724,19168,7
2014,minnesota timberwolves,16,66,-8.7927,-0.0285,0.0417,0.4061,0.8171,1.4279,3.1998,0.0347,-0.0193,-2.7972,6.5626,0.4834,14528,0
2014,orlando magic,25,57,-5.7195,-0.0023,0.0181,0.8427,0.4317,-2.1599,-1.3477,-0.0394,0.0042,-4.1642,1.9126,0.009,16785,0
2014,chicago bulls,50,32,3.0,-0.006,-0.023,-0.4427,-1.8598,1.7047,0.7901,0.0324,-0.0257,2.054,-1.3252,-1.2398,21624,6
2014,milwaukee bucks,41,41,0.4269,0.0047,-0.0082,2.2159,2.5646,0.0389,1.5047,-0.0105,0.0148,-2.8545,-3.2435,0.0468,14907,2
2014,atlanta hawks,60,22,5.4268,0.0316,-0.0044,0.161,1.6549,-3.6416,1.601,-0.0051,-0.0202,3.5711,-2.446,-0.1361,17412,8
2014,detroit pistons,32,50,-1.0,-0.0138,0.007,-1.039,-0.061,2.6108,-0.0111,-0.0241,-0.0134,-0.2118,0.9321,-1.1995,15266,0
2014,golden state warriors,67,15,10.0975,0.0444,-0.0265,0.1049,1.0805,-1.2441,0.2254,-0.0222,0.0106,5.7516,-4.5716,4.487,19596,16
2014,houston rockets,56,26,3.439,0.0166,-0.0106,1.6744,1.2963,1.6596,1.7974,0.0197,0.0032,1.4443,-2.1642,2.5261,18229,9
2014,oklahoma city thunder,45,37,2.1829,-0.0045,-0.0076,-0.111,-0.8549,4.0925,-0.6721,0.0078,0.0065,1.9882,-0.2399,1.7346,18203,0
2014,philadelphia 76ers,18,64,-8.9756,-0.0368,0.0015,2.6463,1.8659,0.4059,2.0681,-0.012,0.0185,-10.0277,-0.7228,1.5944,13940,0
2014,washington wizards,46,36,0.7195,0.0042,-0.0151,0.7622,-0.2963,-0.0514,-2.349,-0.0138,0.0022,-1.8667,-2.702,-0.2544,18238,6
2014,brooklyn nets,38,44,-2.878,-0.0045,0.0107,-0.0854,-0.4378,-1.338,1.0559,-0.0074,-0.0215,-1.2728,1.7772,-1.1105,17037,2
2015,atlanta hawks,48,34,3.6098,0.0147,-0.0214,0.8661,1.2625,-4.904,1.5229,-0.0243,-0.0162,-1.4208,-5.1696,1.5652,16832,4
2015,chicago bulls,42,40,-1.4757,-0.0139,-0.016,-0.5729,-2.4034,0.7448,1.3436,-0.0214,-0.028,-1.322,0.1097,0.1603,21820,0
2015,golden state warriors,73,9,10.7561,0.0611,-0.0241,0.6137,-0.5302,-0.3247,0.1912,-0.019,-0.001,8.0134,-2.8403,3.842,19596,15
2015,boston celtics,48,34,3.2073,-0.0137,-0.0145,-0.7339,1.4357,1.2778,1.5448,-0.0019,0.0223,0.1292,-3.0744,2.9957,18270,2
2015,brooklyn nets,21,61,-7.3537,-0.0103,0.0332,0.6918,-0.0168,0.14,0.218,-0.0238,-0.0336,-3.4305,4.428,-0.3153,15125,0
2015,detroit pistons,44,38,0.6097,-0.0097,0.0025,-0.8729,-0.4997,2.9704,-3.1564,-0.0113,-0.015,-0.3818,-0.9842,-0.4238,16515,0
2015,houston rockets,41,41,0.1951,0.0136,0.0142,1.0588,1.4698,1.8107,3.3412,0.0354,0.009,2.0573,1.928,1.892,17981,1
2015,los angeles lakers,17,65,-9.5609,-0.0415,0.0209,-0.64,-1.4765,-0.754,1.4595,0.0177,-0.0069,-4.8805,5.2317,-0.036,18997,0
2015,memphis grizzlies,42,40,-2.2439,-0.0238,0.0155,-0.7997,1.9991,0.9668,1.2802,0.0227,0.0431,-0.8,1.5304,-2.3677,17119,0
2015,miami heat,48,34,1.6464,0.0066,-0.0154,0.0113,-1.0265,-0.4296,-1.7027,0.0002,-0.0142,-0.1635,-1.8269,-2.158,19740,7
2015,milwaukee bucks,33,49,-4.1829,-0.0028,0.0096,1.1015,0.9637,0.9729,2.9814,-0.0027,0.0129,-2.1159,2.4756,-1.4299,15166,0
2015,oklahoma city thunder,55,27,7.2805,0.0219,-0.0184,1.06,-1.2851,7.357,0.3168,0.0185,-0.0047,6.5841,-0.9537,1.2042,18203,11
2015,orlando magic,35,47,-1.6219,-0.0015,0.0122,-0.1656,0.7771,-0.9003,-0.493,-0.0342,0.0051,-1.4366,0.2963,0.475,17543,0
2015,phoenix suns,23,59,-6.6585,-0.0149,0.0217,2.1076,0.3796,1.7143,-0.76,-0.0055,0.03,-4.2293,2.6243,2.881,17107,0
2015,portland trail blazers,44,38,0.8292,0.0094,0.0018,0.1783,-0.9302,1.9668,-0.3113,-0.0076,0.0169,2.3743,1.5036,0.492,19367,5
2015,sacramento kings,33,49,-2.4756,0.0086,0.0195,1.1064,1.1198,-0.0247,1.329,0.0059,-0.0074,-0.5988,1.8963,4.4432,17256,0
2015,toronto raptors,56,26,4.5,0.0028,-0.004,-1.096,-0.3607,0.6729,-1.3125,0.0468,-0.0082,3.9451,-1.0098,-2.8677,19825,10
2015,indiana pacers,45,37,1.7073,-0.0047,-0.0126,0.4698,1.1698,-0.4515,0.1156,-0.0045,-0.0044,-1.8927,-3.661,1.1103,16847,3
2015,los angeles clippers,53,29,4.2805,0.0225,-0.0209,-0.9558,0.6905,-3.6661,2.429,0.0124,0.0144,1.8756,-2.5988,0.1628,19192,2
2015,new york knicks,32,50,-2.7317,-0.0184,-0.0145,-0.6924,-2.5326,-0.0893,0.2119,-0.0058,-0.0058,-1.7683,1.2609,-2.2629,19812,0
2015,cleveland cavaliers,57,25,6.0,0.0232,-0.005,-0.5351,-0.3814,1.5095,-2.2503,-0.0157,-0.0054,4.6304,-1.8598,-2.2909,20562,16
2015,denver nuggets,33,49,-3.0976,-0.0134,0.0131,0.2722,-0.4997,2.057,-0.9893,0.0079,0.0066,-0.95,2.3048,0.214,14095,0
2015,philadelphia 76ers,10,72,-10.2317,-0.0148,0.008,1.6296,0.3259,-3.0405,2.1009,-0.0232,0.0315,-7.5269,2.9853,2.1969,14991,0
2015,san antonio spurs,67,15,10.6342,0.024,-0.025,-0.6424,1.0308,-0.7076,-2.9722,-0.0126,-0.0271,3.8743,-7.6196,-1.7763,18449,6
2015,new orleans pelicans,30,52,-3.7927,-0.0041,0.0212,-0.6656,-0.3753,-2.5479,-2.71,-0.0069,0.0152,-0.8988,2.9939,1.3018,16793,0
2015,washington wizards,41,41,-0.5,0.0091,0.0134,-0.0119,1.5844,-3.1503,-1.5381,-0.017,0.0092,-1.0842,-0.6915,2.8481,17693,0
2015,charlotte hornets,48,34,2.7195,-0.0008,-0.0053,-1.496,-0.4717,-3.8357,-3.5454,0.0121,-0.0169,0.5609,-2.1525,0.1152,17485,3
2015,minnesota timberwolves,29,53,-3.5366,-0.0039,0.0219,0.7259,0.4222,0.568,1.5607,0.054,-0.0087,-0.0061,3.85,-0.4165,14175,0
2015,dallas mavericks,42,40,-0.3049,0.0004,0.0012,-1.0473,-0.2363,-3.0808,-0.1308,0.0028,-0.0113,0.1231,0.306,-1.1604,20143,1
2015,utah jazz,40,42,1.7927,-0.0001,-0.0074,0.9259,0.2869,1.9119,-1.3405,0.0039,0.0012,-0.3549,-2.3769,-4.7141,19304,0
2016,cleveland cavaliers,51,31,3.183,0.0315,0.001,-0.0645,-1.2962,-1.2797,1.0703,-0.0049,-0.0363,4.5682,1.3072,-0.091,20562,13
2016,golden state warriors,67,15,11.6341,0.0491,-0.0296,0.7184,0.7062,-0.5456,1.9032,-0.0062,-0.0113,6.5682,-5.1135,3.5066,19596,16
2016,portland trail blazers,41,41,-0.5244,0.0052,-0.0057,-0.2669,-1.0511,-0.2212,-0.1785,0.0047,0.0324,1.2511,1.7768,0.4188,19317,0
2016,boston celtics,53,29,2.6342,0.0098,-0.012,-0.5413,-0.0669,-2.1309,1.3861,0.0098,0.0135,2.2024,-0.5232,0.5273,18553,9
2016,indiana pacers,42,40,-0.2195,0.0012,-0.004,0.0916,0.8684,-2.0212,1.4154,0.003,0.0174,-0.355,-0.1952,-0.38,16697,0
2016,los angeles lakers,26,56,-6.878,-0.0144,0.0269,0.7562,0.3806,1.6788,0.8483,-0.0154,0.0037,-2.9952,4.0329,2.2408,18949,0
2016,memphis grizzlies,43,39,0.4878,-0.023,-0.0087,-0.5718,0.8172,1.3776,-0.6541,0.0106,0.0483,-1.0976,-1.7915,-4.0495,16519,2
2016,milwaukee bucks,42,40,-0.1829,0.0134,0.0043,0.4489,0.7782,-1.7248,1.2288,0.0015,0.0065,0.2426,0.4768,-1.891,15828,2
2016,new orleans pelicans,34,48,-2.0975,-0.0112,-0.0062,-0.9218,-0.2157,-4.759,0.1105,-0.0173,-0.0331,-3.8818,-1.6745,1.8298,16173,0
2016,orlando magic,29,53,-6.5731,-0.0268,0.0079,-0.4864,-0.784,-1.7102,-0.5895,-0.0273,-0.0079,-5.4513,1.4292,0.5737,17753,0
2016,philadelphia 76ers,28,54,-5.6951,-0.0132,-0.0016,2.166,0.7209,-0.9017,1.491,-0.0101,0.0246,-5.7257,0.1207,2.1615,17330,0
2016,phoenix suns,24,58,-5.6342,-0.0209,0.0108,0.7331,0.5428,2.8898,0.4496,0.0219,0.0552,-2.3659,3.0987,4.0725,17283,0
2016,toronto raptors,51,31,4.2074,0.002,-0.0078,-1.195,0.7843,1.6361,0.4752,0.0238,0.0131,3.5146,-1.0013,-1.7995,19830,4
2016,atlanta hawks,43,39,-0.8537,-0.0107,-0.0081,1.5745,1.0636,0.4044,0.5715,0.0051,-0.032,-4.1367,-3.1525,1.0712,15958,2
2016,chicago bulls,41,41,0.4269,-0.0278,-0.0076,-0.4291,-0.284,3.7386,0.0252,-0.0034,-0.0413,-1.6452,-1.9623,-1.0068,21680,2
2016,sacramento kings,32,50,-3.878,0.0013,0.0131,0.9916,0.1575,-2.22,0.3825,0.0109,0.0184,-1.711,2.4987,-1.4422,17608,0
2016,brooklyn nets,20,62,-6.7317,-0.0072,-0.001,2.0197,-1.0181,-3.8553,0.3325,0.0191,0.0025,-5.0696,1.645,5.0334,15429,0
2016,dallas mavericks,33,49,-2.9269,-0.0105,0.0146,-1.2047,1.8319,-5.1895,-0.9431,-0.0295,0.0085,-3.3989,-0.3232,-4.0068,19789,0
2016,detroit pistons,37,45,-1.1219,-0.0238,0.0026,-1.7389,-0.6608,0.9532,-4.459,-0.0534,-0.0129,-3.155,-1.7757,-1.2446,15979,0
2016,miami heat,41,41,1.0609,-0.0024,-0.0185,-0.584,-0.1669,0.8837,0.3618,-0.0324,0.0095,-0.955,-2.0306,-1.2519,19643,0
2016,oklahoma city thunder,47,35,0.7561,-0.0154,-0.0028,0.638,-0.1925,4.8252,-2.3443,0.0107,0.0089,-0.7257,-1.5147,1.5847,18203,1
2016,utah jazz,51,31,3.939,0.0122,-0.0213,0.3806,-1.0401,-0.2004,-2.2907,0.006,-0.016,0.7731,-3.4976,-4.8312,19662,4
2016,charlotte hornets,36,46,0.1951,-0.0138,0.0096,-1.9938,-0.5596,-3.3931,-2.9004,0.0174,-0.0469,-0.1159,-0.3671,-0.6373,17332,0
2016,denver nuggets,40,42,0.5122,0.0157,0.0171,0.5819,-1.7486,3.8764,-1.9004,0.0056,-0.0165,4.2133,3.7536,2.0615,14770,0
2016,new york knicks,31,51,-3.6707,-0.0191,-0.0033,-0.334,-1.062,3.2057,2.574,-0.0213,0.0041,-1.1074,2.6609,-0.3531,19774,0
2016,san antonio spurs,61,21,7.1952,0.0095,-0.0235,-0.1047,0.7221,0.5227,-0.8992,0.001,-0.0161,2.1255,-5.4342,-2.0702,18423,8
2016,houston rockets,55,27,5.7683,0.0301,0.006,0.5331,0.4001,1.2605,0.8508,0.0237,-0.015,5.9036,0.2719,3.5969,16973,6
2016,los angeles clippers,51,31,4.2927,0.0223,-0.0101,-0.5718,-0.6279,-1.8236,-0.0992,0.0251,0.0013,3.6999,-0.8074,-0.2422,19088,3
2016,minnesota timberwolves,31,51,-1.1097,-0.0044,0.0201,0.1001,0.627,4.0337,0.7349,0.0197,0.0015,1.867,3.0548,-1.6349,14809,0
2016,washington wizards,49,33,1.8049,0.0134,0.0097,-0.0169,1.0819,0.7008,1.0581,-0.0114,0.0028,2.2963,0.3707,0.9981,17002,7
2017,cleveland cavaliers,50,32,0.9391,0.0261,0.018,-0.227,-0.7075,-2.2372,0.5409,0.0196,-0.0288,4.2295,3.2051,0.8346,20562,12
2017,golden state warriors,58,24,5.9756,0.0477,-0.0175,1.2584,-0.5806,-1.3628,1.4213,0.0002,-0.0091,4.9649,-0.9193,2.3102,19596,16
2017,detroit pistons,39,43,-0.1463,-0.0097,0.0034,-0.7428,0.7096,0.4165,-0.6384,-0.0244,-0.0211,-1.3998,-1.2071,-1.0606,17413,0
2017,indiana pacers,48,34,1.3781,0.0037,0.0062,-0.5904,1.2011,0.4835,1.5055,-0.0212,-0.0203,0.8892,-0.5412,-1.1996,16051,3
2017,memphis grizzlies,22,60,-6.2073,-0.0218,0.0084,1.0828,0.6938,0.0872,1.0994,0.0072,0.0632,-4.0693,2.4978,-2.3752,15947,0
2017,orlando magic,25,57,-4.8171,-0.0087,0.0035,0.3279,-0.2294,-2.1921,2.186,-0.0137,-0.0077,-3.5181,1.5014,0.8138,17915,0
2017,phoenix suns,21,61,-9.3659,-0.0247,0.0121,0.9072,-0.9697,0.1177,1.364,0.0107,0.0188,-5.0876,4.171,3.0943,16843,0
2017,sacramento kings,27,55,-6.9878,-0.0186,0.021,-0.0587,0.4108,-0.6189,0.0652,-0.0525,0.0058,-4.879,2.5551,-2.3374,17431,0
2017,san antonio spurs,47,35,2.8902,-0.0142,-0.0141,-0.6501,0.3011,1.4835,-0.7726,-0.0046,-0.0237,-0.8608,-3.9876,-2.1203,18403,1
2017,utah jazz,48,34,4.3048,0.0058,-0.0137,0.7962,1.1133,-0.547,-1.8628,0.0085,-0.0027,-0.2766,-4.7949,-1.4337,17922,5
2017,washington wizards,43,39,0.5854,0.0039,0.0005,0.406,0.6962,1.3994,0.664,0.0023,0.0182,0.6112,0.0551,-0.5032,18031,2
2017,boston celtics,55,27,3.5854,-0.0031,-0.0262,-0.0721,0.0755,-0.8701,-0.6799,-0.0071,-0.0025,-0.9583,-4.7034,-1.2301,18624,11
2017,dallas mavericks,24,58,-3.0366,-0.0071,0.0112,-1.3745,0.0633,-4.253,-1.2591,-0.0291,-0.0009,-2.4169,0.66,-1.4532,19791,0
2017,los angeles lakers,35,47,-1.5488,-0.0042,-0.006,0.9925,-0.438,1.164,0.1567,-0.0061,-0.0034,-2.2437,-0.7022,3.1821,18934,0
2017,oklahoma city thunder,48,34,3.4147,-0.0075,0.0036,-0.5099,1.473,5.4067,0.4238,0.0041,0.0003,2.127,-1.3388,-0.5654,18202,2
2017,toronto raptors,59,23,7.7805,0.0185,-0.02,-0.8392,0.0023,0.8006,0.0055,0.0053,0.0191,5.2539,-2.7803,0.1053,19839,4
2017,brooklyn nets,28,54,-3.7439,-0.0064,-0.004,0.3767,-1.7721,-1.1689,0.5982,0.0062,0.0067,-1.6425,2.149,1.5736,15610,0
2017,charlotte hornets,36,46,0.2561,-0.0135,0.0116,-1.3636,-0.4367,0.0616,-3.0348,0.0397,-0.0287,0.6063,0.3819,1.3614,16375,0
2017,milwaukee bucks,44,38,-0.3049,0.0096,0.0073,-0.116,1.0657,-1.7811,1.5384,0.0274,0.0268,1.3258,1.6319,-1.1654,16714,3
2017,minnesota timberwolves,47,35,2.2317,0.0024,0.0186,-1.616,0.9267,2.0835,1.4689,0.0324,-0.0047,4.8929,2.5075,-1.2923,17056,1
2017,new orleans pelicans,48,34,1.3049,0.0204,-0.0071,0.4364,-0.4538,-2.1909,1.025,-0.0102,-0.0195,0.9344,-0.3071,3.3455,16437,5
2017,philadelphia 76ers,52,30,4.5,0.0139,-0.0278,1.645,-0.2721,2.9591,-0.886,0.0061,0.0252,0.9258,-3.5815,2.6053,20329,5
2017,chicago bulls,27,55,-7.0366,-0.0237,0.021,-0.4355,-0.5258,-1.7348,-2.7726,-0.0301,-0.0103,-4.9412,2.2783,1.0785,20776,0
2017,denver nuggets,46,36,1.4756,0.0147,0.017,0.4608,-0.2367,3.3445,0.2665,0.0031,-0.0211,3.6746,2.0551,-0.2923,17141,0
2017,houston rockets,65,17,8.4757,0.0293,0.0007,-0.3258,0.4303,-0.8616,-2.3091,0.0409,-0.0221,6.1441,-2.4986,0.2894,17871,11
2017,los angeles clippers,42,40,0.0366,0.0069,-0.0008,0.2547,-0.2916,1.2165,1.8335,0.0289,0.009,1.6149,1.6649,1.5285,17019,0
2017,miami heat,44,38,0.4756,-0.0006,-0.0146,0.2303,0.1791,-0.986,-1.064,-0.0218,0.0204,-1.7083,-2.2193,-1.6813,19630,1
2017,new york knicks,29,53,-3.561,-0.0102,0.0007,0.4279,-0.7477,1.9774,0.8323,-0.0225,0.0146,-1.6205,2.0295,-0.3106,19331,0
2017,portland trail blazers,49,33,2.5976,-0.009,-0.0176,-0.5062,-1.0209,0.9616,-1.325,-0.0004,-0.0004,0.2319,-2.4205,-0.5581,19408,0
2017,atlanta hawks,24,58,-5.4512,-0.0085,0.0155,1.256,0.7718,-1.2043,1.564,-0.0087,-0.0107,-3.5986,1.8636,1.1199,14409,0
2018,boston celtics,49,33,4.439,0.0113,-0.0097,-0.8062,0.973,-1.2422,0.1981,-0.0273,-0.001,1.7683,-2.6598,-0.1537,18624,5
2018,golden state warriors,57,25,6.4634,0.0411,-0.0154,0.2694,-0.7111,-0.2385,-0.1897,-0.0179,0.0061,5.6244,-0.7659,1.028,19596,14
2018,charlotte hornets,39,43,-1.0976,-0.0086,0.015,-1.5245,-0.2684,-1.0251,-0.147,0.0059,-0.022,1.0805,2.1512,-1.2061,16501,0
2018,detroit pistons,41,41,-0.2439,-0.0141,0.0037,-0.3648,0.517,2.003,-1.6544,-0.0044,0.0128,-1.0793,-0.8817,-2.6452,16486,0
2018,houston rockets,53,29,4.7683,0.0193,0.0011,-0.4989,1.0487,-0.1178,2.6005,0.022,0.0112,5.2439,0.4158,-2.0842,18058,6
2018,indiana pacers,48,34,3.3293,0.0068,-0.0067,0.1743,1.5706,-1.0092,0.7786,-0.0174,-0.0161,-0.3903,-3.7781,-1.7452,16812,0
2018,los angeles clippers,48,34,0.8536,0.0052,-0.009,0.1572,-0.983,-0.7775,1.142,0.0601,0.0235,2.1305,1.317,1.7634,17325,2
2018,new york knicks,17,65,-9.2073,-0.0334,0.01,-0.0001,-0.7404,-0.569,0.9493,0.005,0.0044,-5.8781,3.3756,-0.3305,19002,0
2018,orlando magic,42,40,0.7073,-0.0056,-0.0067,-0.4928,-0.5379,-0.8849,-2.6885,-0.0317,-0.0138,-1.5573,-2.1951,-1.7342,17561,1
2018,phoenix suns,19,63,-9.3415,-0.0088,0.0218,1.573,1.2011,-2.5251,4.5017,0.0019,0.0367,-4.7244,4.5463,0.778,15293,0
2018,sacramento kings,39,43,-1.122,0.0012,0.0095,-0.8416,1.156,0.4151,1.6981,-0.0227,0.0067,0.1561,1.1817,3.2121,17096,0
2018,san antonio spurs,48,34,1.6829,0.0117,0.004,-1.1489,-1.3391,-2.0153,-2.2129,-0.0057,-0.0302,2.2902,0.5378,-1.4452,18307,3
2018,toronto raptors,58,24,6.0853,0.022,-0.0147,-0.0672,0.5596,-1.1946,-0.0422,-0.0019,-0.0085,2.9768,-3.0159,0.1512,19824,16
2018,philadelphia 76ers,51,31,2.6951,0.0092,-0.0108,0.617,-1.255,1.4676,-1.3397,0.0442,0.0064,2.2024,-0.4354,1.8695,20447,7
2018,portland trail blazers,53,29,4.1951,0.0065,-0.0057,-0.2709,-1.305,3.6883,-1.0068,0.0092,-0.0048,4.439,0.0646,-0.7098,19496,8
2018,washington wizards,32,50,-2.9024,0.0075,0.0235,-0.0099,1.0023,-1.7873,2.9383,0.0046,-0.002,0.7073,3.55,1.4707,17487,0
2018,brooklyn nets,42,40,-0.0732,-0.0032,-0.0102,0.5474,-0.8318,0.7456,0.5688,0.0129,-0.0092,-0.7049,-0.6439,0.9329,14941,1
2018,memphis grizzlies,33,49,-2.5975,-0.0148,-0.0016,0.2974,1.4304,-2.9605,-0.5434,0.0102,0.0343,-4.0488,-1.3439,-3.4988,15569,0
2018,milwaukee bucks,60,22,8.8659,0.0268,-0.0197,-0.3733,-0.7245,-2.2592,-3.2385,-0.004,-0.0382,3.2146,-5.2573,3.4731,17602,10
2018,minnesota timberwolves,36,46,-1.5,-0.0113,0.0147,-0.9635,0.5462,1.7956,2.142,0.0103,-0.0108,1.0353,2.5305,0.3109,15305,0
2018,new orleans pelicans,33,49,-1.3293,0.0065,0.0089,0.4194,-0.7294,1.3859,0.3408,-0.0056,-0.007,0.8329,2.0841,3.5219,16004,0
2018,utah jazz,50,32,5.2561,0.0148,-0.0159,1.1755,0.0645,-0.0836,-3.0897,0.0161,-0.0105,0.3366,-4.9012,0.5695,18306,1
2018,chicago bulls,22,60,-8.4147,-0.018,0.0175,0.2426,-0.4904,-3.4336,-0.2275,-0.0151,-0.0118,-5.5683,2.9256,-0.894,20084,0
2018,dallas mavericks,33,49,-1.2804,-0.0041,-0.0014,0.2291,-0.7038,-0.0495,-0.4556,0.0181,-0.009,-0.8159,0.3963,-0.8988,20013,0
2018,denver nuggets,54,28,3.9512,0.0043,-0.0026,-0.5062,-0.0672,3.7944,-0.8105,-0.0256,-0.005,2.7439,-1.389,-2.1354,18450,7
2018,los angeles lakers,37,45,-1.7195,0.0039,-0.0079,1.1487,-0.3709,-0.647,0.7932,-0.0205,-0.0082,-2.4878,-0.8256,3.2024,18997,0
2018,miami heat,39,43,-0.2317,-0.0076,-0.0125,0.6389,0.2755,1.9908,-0.5458,-0.0288,0.002,-2.7915,-2.6598,-1.7659,19640,0
2018,cleveland cavaliers,19,63,-9.6098,-0.02,0.0417,-0.4148,-0.8623,0.7566,0.2566,-0.0127,-0.019,-2.5073,7.5268,-3.344,19349,0
2018,oklahoma city thunder,49,33,3.4024,-0.0087,-0.0004,-0.444,1.9206,3.0139,-1.0897,-0.0103,0.0064,-0.1634,-3.483,2.9902,18203,1
2018,atlanta hawks,29,53,-6.0244,-0.0013,0.0178,2.0535,0.4706,2.0773,0.6883,-0.008,0.0375,-2.3025,3.3951,4.1256,15327,0
